专业代码,专业代码与名称,学科分类,学科代码,一级学科代码,,国家线A线总分,国家线A线单科=100,国家线A线单科>100,国家线B线总分,国家线B线单科=100,国家线B线单科>100,学位类型
010101,010101马克思主义哲学,哲学,01,0101,01,299,41,62,289,38,57,学硕
010102,010102中国哲学,哲学,01,0101,01,299,41,62,289,38,57,学硕
010103,010103外国哲学,哲学,01,0101,01,299,41,62,289,38,57,学硕
010104,010104逻辑学,哲学,01,0101,01,299,41,62,289,38,57,学硕
010105,010105伦理学,哲学,01,0101,01,299,41,62,289,38,57,学硕
010106,010106美学,哲学,01,0101,01,299,41,62,289,38,57,学硕
010107,010107宗教学,哲学,01,0101,01,299,41,62,289,38,57,学硕
010108,010108科学技术哲学,哲学,01,0101,01,299,41,62,289,38,57,学硕
020100,020100理论经济学,经济学,02,0201,01,348,49,74,338,46,69,学硕
020101,020101政治经济学,经济学,02,0201,01,348,49,74,338,46,69,学硕
020102,020102经济思想史,经济学,02,0201,01,348,49,74,338,46,69,学硕
020103,020103经济史,经济学,02,0201,01,348,49,74,338,46,69,学硕
020104,020104西方经济学,经济学,02,0201,01,348,49,74,338,46,69,学硕
020105,020105世界经济,经济学,02,0201,01,348,49,74,338,46,69,学硕
020106,020106人口、资源与环境经济学,经济学,02,0201,01,348,49,74,338,46,69,学硕
020200,020200应用经济学,经济学,02,0202,02,348,49,74,338,46,69,学硕
020201,020201国民经济学,经济学,02,0202,02,348,49,74,338,46,69,学硕
020202,020202区域经济学,经济学,02,0202,02,348,49,74,338,46,69,学硕
020203,020203财政学(含∶税收学),经济学,02,0202,02,348,49,74,338,46,69,学硕
020204,020204金融学(含∶保险学),经济学,02,0202,02,348,49,74,338,46,69,学硕
020205,020205产业经济学,经济学,02,0202,02,348,49,74,338,46,69,学硕
020206,020206国际贸易学,经济学,02,0202,02,348,49,74,338,46,69,学硕
020207,020207劳动经济学,经济学,02,0202,02,348,49,74,338,46,69,学硕
020208,020208统计学,经济学,02,0202,02,348,49,74,338,46,69,学硕
020209,020209数量经济学,经济学,02,0202,02,348,49,74,338,46,69,学硕
020210,020210国防经济,经济学,02,0202,02,348,49,74,338,46,69,学硕
030100,030100法学,法学,03,0301,01,321,44,66,311,41,62,学硕
030101,030101法学理论,法学,03,0301,01,321,44,66,311,41,62,学硕
030102,030102法律史,法学,03,0301,01,321,44,66,311,41,62,学硕
030103,030103宪法学与行政法学,法学,03,0301,01,321,44,66,311,41,62,学硕
030104,030104刑法学,法学,03,0301,01,321,44,66,311,41,62,学硕
030105,030105民商法学(含：劳动法学、社会保障法学),法学,03,0301,01,321,44,66,311,41,62,学硕
030106,030106诉讼法学,法学,03,0301,01,321,44,66,311,41,62,学硕
030107,030107经济法学,法学,03,0301,01,321,44,66,311,41,62,学硕
030108,030108环境与资源保护法学,法学,03,0301,01,321,44,66,311,41,62,学硕
030109,030109国际法学(含：国际公法、国际私法、国际经济法),法学,03,0301,01,321,44,66,311,41,62,学硕
030110,030110军事法学,法学,03,0301,01,321,44,66,311,41,62,学硕
030200,030200政治学,法学,03,0302,02,321,44,66,311,41,62,学硕
030201,030201政治学理论,法学,03,0302,02,321,44,66,311,41,62,学硕
030202,030202中外政治制度,法学,03,0302,02,321,44,66,311,41,62,学硕
030203,030203科学社会主义与国际共产主义运动,法学,03,0302,02,321,44,66,311,41,62,学硕
030204,030204中共党史(含：党的学说与党的建设),法学,03,0302,02,321,44,66,311,41,62,学硕
030206,030206国际政治,法学,03,0302,02,321,44,66,311,41,62,学硕
030207,030207国际关系,法学,03,0302,02,321,44,66,311,41,62,学硕
030208,030208外交学,法学,03,0302,02,321,44,66,311,41,62,学硕
030300,030300社会学,法学,03,0303,03,321,44,66,311,41,62,学硕
030301,030301社会学,法学,03,0303,03,321,44,66,311,41,62,学硕
030302,030302人口学,法学,03,0303,03,321,44,66,311,41,62,学硕
030303,030303人类学,法学,03,0303,03,321,44,66,311,41,62,学硕
030304,030304民俗学(含：中国民间文学),法学,03,0303,03,321,44,66,311,41,62,学硕
030400,030400民族学,法学,03,0304,04,321,44,66,311,41,62,学硕
030401,030401民族学,法学,03,0304,04,321,44,66,311,41,62,学硕
030402,030402马克思主义民族理论与政策,法学,03,0304,04,321,44,66,311,41,62,学硕
030403,030403中国少数民族经济,法学,03,0304,04,321,44,66,311,41,62,学硕
030404,030404中国少数民族史,法学,03,0304,04,321,44,66,311,41,62,学硕
030405,030405中国少数民族艺术,法学,03,0304,04,321,44,66,311,41,62,学硕
030500,030500马克思主义理论,法学,03,0305,05,321,44,66,311,41,62,学硕
030501,030501马克思主义基本原理,法学,03,0305,05,321,44,66,311,41,62,学硕
030502,030502马克思主义发展史,法学,03,0305,05,321,44,66,311,41,62,学硕
030503,030503马克思主义中国化研究,法学,03,0305,05,321,44,66,311,41,62,学硕
030504,030504国外马克思主义研究,法学,03,0305,05,321,44,66,311,41,62,学硕
030505,030505思想政治教育,法学,03,0305,05,321,44,66,311,41,62,学硕
030506,030506中国近现代史基本问题研究,法学,03,0305,05,321,44,66,311,41,62,学硕
030600,030600公安学,法学,03,0306,06,321,44,66,311,41,62,学硕
030601,030601公安学基础理论,法学,03,0306,06,321,44,66,311,41,62,学硕
030602,030602公安管理学,法学,03,0306,06,321,44,66,311,41,62,学硕
030603,030603治安学,法学,03,0306,06,321,44,66,311,41,62,学硕
030604,030604侦查学,法学,03,0306,06,321,44,66,311,41,62,学硕
030605,030605犯罪学,法学,03,0306,06,321,44,66,311,41,62,学硕
030606,030606公安情报学,法学,03,0306,06,321,44,66,311,41,62,学硕
030607,030607国内安全保卫学,法学,03,0306,06,321,44,66,311,41,62,学硕
030608,030608边防管理学,法学,03,0306,06,321,44,66,311,41,62,学硕
030609,030609涉外警务学,法学,03,0306,06,321,44,66,311,41,62,学硕
030610,030610警务指挥与战术,法学,03,0306,06,321,44,66,311,41,62,学硕
030611,030611警卫学,法学,03,0306,06,321,44,66,311,41,62,学硕
040100,040100教育学,教育学,04,0401,01,337,47,141,327,44,132,学硕
040101,040101教育学原理,教育学,04,0401,01,337,47,141,327,44,132,学硕
040102,040102课程与教学论,教育学,04,0401,01,337,47,141,327,44,132,学硕
040103,040103教育史,教育学,04,0401,01,337,47,141,327,44,132,学硕
040104,040104比较教育学,教育学,04,0401,01,337,47,141,327,44,132,学硕
040105,040105学前教育学,教育学,04,0401,01,337,47,141,327,44,132,学硕
040106,040106高等教育学,教育学,04,0401,01,337,47,141,327,44,132,学硕
040107,040107成人教育学,教育学,04,0401,01,337,47,141,327,44,132,学硕
040108,040108职业技术教育学,教育学,04,0401,01,337,47,141,327,44,132,学硕
040109,040109特殊教育学,教育学,04,0401,01,337,47,141,327,44,132,学硕
040110,040110教育技术学(可授教育学、理学学位),教育学,04,0401,01,337,47,141,327,44,132,学硕
040200,040200心理学,教育学,04,0402,02,337,47,141,327,44,132,学硕
040201,040201基础心理学(可授教育学、理学学位),教育学,04,0402,02,337,47,141,327,44,132,学硕
040202,040202发展与教育心理学,教育学,04,0402,02,337,47,141,327,44,132,学硕
040203,040203应用心理学,教育学,04,0402,02,337,47,141,327,44,132,学硕
040300,040300体育学,教育学,04,0403,03,281,35,105,271,32,96,学硕
040301,040301体育人文社会学,教育学,04,0403,03,281,35,105,271,32,96,学硕
040302,040302运动人体科学(可授教育学、理学、医学学位),教育学,04,0403,03,281,35,105,271,32,96,学硕
040303,040303体育教育训练学,教育学,04,0403,03,281,35,105,271,32,96,学硕
040304,040304民族传统体育学,教育学,04,0403,03,281,35,105,271,32,96,学硕
050100,050100中国语言文学,文学,05,0501,01,355,53,80,345,50,75,学硕
050101,050101文艺学,文学,05,0501,01,355,53,80,345,50,75,学硕
050102,050102语言学及应用语言学,文学,05,0501,01,355,53,80,345,50,75,学硕
050103,050103汉语言文字学,文学,05,0501,01,355,53,80,345,50,75,学硕
050104,050104中国古典文献学,文学,05,0501,01,355,53,80,345,50,75,学硕
050105,050105中国古代文学,文学,05,0501,01,355,53,80,345,50,75,学硕
050106,050106中国现当代文学,文学,05,0501,01,355,53,80,345,50,75,学硕
050107,050107中国少数民族语言文学(分语族),文学,05,0501,01,355,53,80,345,50,75,学硕
050108,050108比较文学与世界文学,文学,05,0501,01,355,53,80,345,50,75,学硕
050200,050200外国语言文学,文学,05,0502,02,355,53,80,345,50,75,学硕
050201,050201英语语言文学,文学,05,0502,02,355,53,80,345,50,75,学硕
050202,050202俄语语言文学,文学,05,0502,02,355,53,80,345,50,75,学硕
050203,050203法语语言文学,文学,05,0502,02,355,53,80,345,50,75,学硕
050204,050204德语语言文学,文学,05,0502,02,355,53,80,345,50,75,学硕
050205,050205日语语言文学,文学,05,0502,02,355,53,80,345,50,75,学硕
050206,050206印度语言文学,文学,05,0502,02,355,53,80,345,50,75,学硕
050207,050207西班牙语语言文学,文学,05,0502,02,355,53,80,345,50,75,学硕
050208,050208阿拉伯语语言文学,文学,05,0502,02,355,53,80,345,50,75,学硕
050209,050209欧洲语言文学,文学,05,0502,02,355,53,80,345,50,75,学硕
050210,050210亚非语言文学,文学,05,0502,02,355,53,80,345,50,75,学硕
050211,050211外国语言学及应用语言学,文学,05,0502,02,355,53,80,345,50,75,学硕
050300,050300新闻传播学,文学,05,0503,03,355,53,80,345,50,75,学硕
050301,050301新闻学,文学,05,0503,03,355,53,80,345,50,75,学硕
050302,050302传播学,文学,05,0503,03,355,53,80,345,50,75,学硕
060100,060100考古学,历史学,06,0601,01,321,43,129,311,40,120,学硕
060101,060101考古学史和考古学理论,历史学,06,0601,01,321,43,129,311,40,120,学硕
060102,060102史前考古,历史学,06,0601,01,321,43,129,311,40,120,学硕
060103,060103夏商周考古,历史学,06,0601,01,321,43,129,311,40,120,学硕
060104,060104秦汉魏晋南北朝考古,历史学,06,0601,01,321,43,129,311,40,120,学硕
060105,060105唐宋元明清考古,历史学,06,0601,01,321,43,129,311,40,120,学硕
060106,060106科技考古,历史学,06,0601,01,321,43,129,311,40,120,学硕
060107,060107文化遗产与博物馆,历史学,06,0601,01,321,43,129,311,40,120,学硕
060108,060108古代文字与铭刻,历史学,06,0601,01,321,43,129,311,40,120,学硕
060109,060109专门考古,历史学,06,0601,01,321,43,129,311,40,120,学硕
060200,060200中国史,历史学,06,0602,02,321,43,129,311,40,120,学硕
060201,060201历史地理学,历史学,06,0602,02,321,43,129,311,40,120,学硕
060202,060202历史文献学,历史学,06,0602,02,321,43,129,311,40,120,学硕
060203,060203史学理论及中国史学史,历史学,06,0602,02,321,43,129,311,40,120,学硕
060204,060204中国古代史,历史学,06,0602,02,321,43,129,311,40,120,学硕
060205,060205中国近代史,历史学,06,0602,02,321,43,129,311,40,120,学硕
060206,060206中国现代史,历史学,06,0602,02,321,43,129,311,40,120,学硕
060207,060207专门史,历史学,06,0602,02,321,43,129,311,40,120,学硕
060300,060300世界史,历史学,06,0603,03,321,43,129,311,40,120,学硕
060301,060301世界史学理论与史学史,历史学,06,0603,03,321,43,129,311,40,120,学硕
060302,060302世界古代中古史,历史学,06,0603,03,321,43,129,311,40,120,学硕
060303,060303世界近现代史,历史学,06,0603,03,321,43,129,311,40,120,学硕
060304,060304世界地区国别史,历史学,06,0603,03,321,43,129,311,40,120,学硕
060305,060305专门史与整体史,历史学,06,0603,03,321,43,129,311,40,120,学硕
070100,070100数学,理学,07,0701,01,280,37,56,270,34,51,学硕
070101,070101基础数学,理学,07,0701,01,280,37,56,270,34,51,学硕
070102,070102计算数学,理学,07,0701,01,280,37,56,270,34,51,学硕
070103,070103概率论与数理统计,理学,07,0701,01,280,37,56,270,34,51,学硕
070104,070104应用数学,理学,07,0701,01,280,37,56,270,34,51,学硕
070105,070105运筹学与控制论,理学,07,0701,01,280,37,56,270,34,51,学硕
070200,070200物理学,理学,07,0702,02,280,37,56,270,34,51,学硕
070201,070201理论物理,理学,07,0702,02,280,37,56,270,34,51,学硕
070202,070202粒子物理与原子核物理,理学,07,0702,02,280,37,56,270,34,51,学硕
070203,070203原子与分子物理,理学,07,0702,02,280,37,56,270,34,51,学硕
070204,070204等离子体物理,理学,07,0702,02,280,37,56,270,34,51,学硕
070205,070205凝聚态物理,理学,07,0702,02,280,37,56,270,34,51,学硕
070206,070206声学,理学,07,0702,02,280,37,56,270,34,51,学硕
070207,070207光学,理学,07,0702,02,280,37,56,270,34,51,学硕
070208,070208无线电物理,理学,07,0702,02,280,37,56,270,34,51,学硕
070300,070300化学,理学,07,0703,03,280,37,56,270,34,51,学硕
070301,070301无机化学,理学,07,0703,03,280,37,56,270,34,51,学硕
070302,070302分析化学,理学,07,0703,03,280,37,56,270,34,51,学硕
070303,070303有机化学,理学,07,0703,03,280,37,56,270,34,51,学硕
070304,070304物理化学(含∶化学物理),理学,07,0703,03,280,37,56,270,34,51,学硕
070305,070305高分子化学与物理,理学,07,0703,03,280,37,56,270,34,51,学硕
070400,070400天文学,理学,07,0704,04,280,37,56,270,34,51,学硕
070401,070401天体物理,理学,07,0704,04,280,37,56,270,34,51,学硕
070402,070402天体测量与天体力学,理学,07,0704,04,280,37,56,270,34,51,学硕
070500,070500地理学,理学,07,0705,05,280,37,56,270,34,51,学硕
070501,070501自然地理学,理学,07,0705,05,280,37,56,270,34,51,学硕
070502,070502人文地理学,理学,07,0705,05,280,37,56,270,34,51,学硕
070503,070503地图学与地理信息系统,理学,07,0705,05,280,37,56,270,34,51,学硕
070600,070600大气科学,理学,07,0706,06,280,37,56,270,34,51,学硕
070601,070601气象学,理学,07,0706,06,280,37,56,270,34,51,学硕
070602,070602大气物理学与大气环境,理学,07,0706,06,280,37,56,270,34,51,学硕
070700,070700海洋科学,理学,07,0707,07,280,37,56,270,34,51,学硕
070701,070701物理海洋学,理学,07,0707,07,280,37,56,270,34,51,学硕
070702,070702海洋化学,理学,07,0707,07,280,37,56,270,34,51,学硕
070703,070703海洋生物学,理学,07,0707,07,280,37,56,270,34,51,学硕
070704,070704海洋地质,理学,07,0707,07,280,37,56,270,34,51,学硕
070800,070800地球物理学,理学,07,0708,08,280,37,56,270,34,51,学硕
070801,070801固体地球物理学,理学,07,0708,08,280,37,56,270,34,51,学硕
070802,070802空间物理学,理学,07,0708,08,280,37,56,270,34,51,学硕
070900,070900地质学,理学,07,0709,09,280,37,56,270,34,51,学硕
070901,070901矿物学、岩石学、矿床学,理学,07,0709,09,280,37,56,270,34,51,学硕
070902,070902地球化学,理学,07,0709,09,280,37,56,270,34,51,学硕
070903,070903古生物学与地层学(含：古人类学),理学,07,0709,09,280,37,56,270,34,51,学硕
070904,070904构造地质学,理学,07,0709,09,280,37,56,270,34,51,学硕
070905,070905第四纪地质学,理学,07,0709,09,280,37,56,270,34,51,学硕
071000,071000生物学,理学,07,0710,10,280,37,56,270,34,51,学硕
071001,071001植物学,理学,07,0710,10,280,37,56,270,34,51,学硕
071002,071002动物学,理学,07,0710,10,280,37,56,270,34,51,学硕
071003,071003生理学,理学,07,0710,10,280,37,56,270,34,51,学硕
071004,071004水生生物学,理学,07,0710,10,280,37,56,270,34,51,学硕
071005,071005微生物学,理学,07,0710,10,280,37,56,270,34,51,学硕
071006,071006神经生物学,理学,07,0710,10,280,37,56,270,34,51,学硕
071007,071007遗传学,理学,07,0710,10,280,37,56,270,34,51,学硕
071008,071008发育生物学,理学,07,0710,10,280,37,56,270,34,51,学硕
071009,071009细胞生物学,理学,07,0710,10,280,37,56,270,34,51,学硕
071010,071010生物化学与分子生物学,理学,07,0710,10,280,37,56,270,34,51,学硕
071011,071011生物物理学,理学,07,0710,10,280,37,56,270,34,51,学硕
071100,071100系统科学,理学,07,0711,11,280,37,56,270,34,51,学硕
071101,071101系统理论,理学,07,0711,11,280,37,56,270,34,51,学硕
071102,071102系统分析与集成,理学,07,0711,11,280,37,56,270,34,51,学硕
071200,071200科学技术史(分学科，可授理学、工学、农学、医学学位),理学,07,0712,12,280,37,56,270,34,51,学硕
071300,071300生态学,理学,07,0713,13,280,37,56,270,34,51,学硕
071301,071301动物生态学,理学,07,0713,13,280,37,56,270,34,51,学硕
071302,071302植物生态学,理学,07,0713,13,280,37,56,270,34,51,学硕
071303,071303微生物生态学,理学,07,0713,13,280,37,56,270,34,51,学硕
071304,071304生态系统生态学,理学,07,0713,13,280,37,56,270,34,51,学硕
071305,071305景观生态学,理学,07,0713,13,280,37,56,270,34,51,学硕
071306,071306修复生态学,理学,07,0713,13,280,37,56,270,34,51,学硕
071307,071307可持续生态学,理学,07,0713,13,280,37,56,270,34,51,学硕
071400,071400统计学(可授理学、经济学学位),理学,07,0714,14,280,37,56,270,34,51,学硕
071401,071401数理统计,理学,07,0714,14,280,37,56,270,34,51,学硕
071402,071402应用统计,理学,07,0714,14,280,37,56,270,34,51,学硕
071403,071403社会经济统计,理学,07,0714,14,280,37,56,270,34,51,学硕
071404,071404金融统计与风险管理和精算,理学,07,0714,14,280,37,56,270,34,51,学硕
080100,080100力学(可授工学、理学学位),工学,08,0801,01,253,34,51,243,31,47,学硕
080101,080101一般力学与力学基础,工学,08,0801,01,253,34,51,243,31,47,学硕
080102,080102固体力学,工学,08,0801,01,253,34,51,243,31,47,学硕
080103,080103流体力学,工学,08,0801,01,253,34,51,243,31,47,学硕
080104,080104工程力学,工学,08,0801,01,253,34,51,243,31,47,学硕
080200,080200机械工程,工学,08,0802,02,263,37,56,253,34,51,学硕
080201,080201机械制造及其自动化,工学,08,0802,02,263,37,56,253,34,51,学硕
080202,080202机械电子工程,工学,08,0802,02,263,37,56,253,34,51,学硕
080203,080203机械设计及理论,工学,08,0802,02,263,37,56,253,34,51,学硕
080204,080204车辆工程,工学,08,0802,02,263,37,56,253,34,51,学硕
080300,080300光学工程,工学,08,0803,03,263,37,56,253,34,51,学硕
080400,080400仪器科学与技术,工学,08,0804,04,263,37,56,253,34,51,学硕
080401,080401精密仪器及机械,工学,08,0804,04,263,37,56,253,34,51,学硕
080402,080402测试计量技术及仪器,工学,08,0804,04,263,37,56,253,34,51,学硕
080500,080500材料科学与工程,工学,08,0805,05,263,37,56,253,34,51,学硕
080501,080501材料物理与化学,工学,08,0805,05,263,37,56,253,34,51,学硕
080502,080502材料学,工学,08,0805,05,263,37,56,253,34,51,学硕
080503,080503材料加工工程,工学,08,0805,05,263,37,56,253,34,51,学硕
080600,080600冶金工程,工学,08,0806,06,253,34,51,243,31,47,学硕
080601,080601冶金物理化学,工学,08,0806,06,253,34,51,243,31,47,学硕
080602,080602钢铁冶金,工学,08,0806,06,253,34,51,243,31,47,学硕
080603,080603有色金属冶金,工学,08,0806,06,253,34,51,243,31,47,学硕
080700,080700动力工程及工程热物理,工学,08,0807,07,253,34,51,243,31,47,学硕
080701,080701工程热物理,工学,08,0807,07,253,34,51,243,31,47,学硕
080702,080702热能工程,工学,08,0807,07,253,34,51,243,31,47,学硕
080703,080703动力机械及工程,工学,08,0807,07,253,34,51,243,31,47,学硕
080704,080704流体机械及工程,工学,08,0807,07,253,34,51,243,31,47,学硕
080705,080705制冷及低温工程,工学,08,0807,07,253,34,51,243,31,47,学硕
080706,080706化工过程机械,工学,08,0807,07,253,34,51,243,31,47,学硕
080800,080800电气工程,工学,08,0808,08,263,37,56,253,34,51,学硕
080801,080801电机与电器,工学,08,0808,08,263,37,56,253,34,51,学硕
080802,080802电力系统及其自动化,工学,08,0808,08,263,37,56,253,34,51,学硕
080803,080803高电压与绝缘技,工学,08,0808,08,263,37,56,253,34,51,学硕
080804,080804电力电子与电力传动,工学,08,0808,08,263,37,56,253,34,51,学硕
080805,080805电工理论与新技术,工学,08,0808,08,263,37,56,253,34,51,学硕
080900,080900电子科学与技术(可授工学、理学学位),工学,08,0809,09,263,37,56,253,34,51,学硕
080901,080901物理电子学,工学,08,0809,09,263,37,56,253,34,51,学硕
080902,080902电路与系统,工学,08,0809,09,263,37,56,253,34,51,学硕
080903,080903微电子学与固体电子学,工学,08,0809,09,263,37,56,253,34,51,学硕
080904,080904电磁场与微波技术,工学,08,0809,09,263,37,56,253,34,51,学硕
081000,081000信息与通信工程,工学,08,0810,10,263,37,56,253,34,51,学硕
081001,081001通信与信息系统,工学,08,0810,10,263,37,56,253,34,51,学硕
081002,081002信号与信息处理,工学,08,0810,10,263,37,56,253,34,51,学硕
081100,081100控制科学与工程,工学,08,0811,11,263,37,56,253,34,51,学硕
081101,081101控制理论与控制工程,工学,08,0811,11,263,37,56,253,34,51,学硕
081102,081102检测技术与自动化装置,工学,08,0811,11,263,37,56,253,34,51,学硕
081103,081103系统工程,工学,08,0811,11,263,37,56,253,34,51,学硕
081104,081104模式识别与智能系统,工学,08,0811,11,263,37,56,253,34,51,学硕
081105,081105导航、制导与控制,工学,08,0811,11,263,37,56,253,34,51,学硕
081200,081200计算机科学与技术(可授工学、理学学位),工学,08,0812,12,263,37,56,253,34,51,学硕
081201,081201计算机系统结构,工学,08,0812,12,263,37,56,253,34,51,学硕
081202,081202计算机软件与理论,工学,08,0812,12,263,37,56,253,34,51,学硕
081203,081203计算机应用技术,工学,08,0812,12,263,37,56,253,34,51,学硕
081300,081300建筑学,工学,08,0813,13,263,37,56,253,34,51,学硕
081301,081301建筑历史与理论,工学,08,0813,13,263,37,56,253,34,51,学硕
081302,081302建筑设计及其理论,工学,08,0813,13,263,37,56,253,34,51,学硕
081303,081303城市规划与设计(含：风景园林规划与设计),工学,08,0813,13,263,37,56,253,34,51,学硕
081304,081304建筑技术科学,工学,08,0813,13,263,37,56,253,34,51,学硕
081400,081400土木工程,工学,08,0814,14,263,37,56,253,34,51,学硕
081401,081401岩土工程,工学,08,0814,14,263,37,56,253,34,51,学硕
081402,081402结构工程,工学,08,0814,14,263,37,56,253,34,51,学硕
081403,081403市政工程,工学,08,0814,14,263,37,56,253,34,51,学硕
081404,081404供热、供燃气、通风及空调工程,工学,08,0814,14,263,37,56,253,34,51,学硕
081405,081405防灾减灾工程及防护工程,工学,08,0814,14,263,37,56,253,34,51,学硕
081406,081406桥梁与隧道工程,工学,08,0814,14,263,37,56,253,34,51,学硕
081500,081500水利工程,工学,08,0815,15,253,34,51,243,31,47,学硕
081501,081501水文学及水资源,工学,08,0815,15,253,34,51,243,31,47,学硕
081502,081502水力学及河流动力学,工学,08,0815,15,253,34,51,243,31,47,学硕
081503,081503水工结构工程,工学,08,0815,15,253,34,51,243,31,47,学硕
081504,081504水利水电工程,工学,08,0815,15,253,34,51,243,31,47,学硕
081505,081505港口、海岸及近海工程,工学,08,0815,15,253,34,51,243,31,47,学硕
081600,081600测绘科学与技术,工学,08,0816,16,263,37,56,253,34,51,学硕
081601,081601大地测量学与测量工程,工学,08,0816,16,263,37,56,253,34,51,学硕
081602,081602摄影测量与遥感,工学,08,0816,16,263,37,56,253,34,51,学硕
081603,081603地图制图学与地理信息工程,工学,08,0816,16,263,37,56,253,34,51,学硕
081700,081700化学工程与技术,工学,08,0817,17,263,37,56,253,34,51,学硕
081701,081701化学工程,工学,08,0817,17,263,37,56,253,34,51,学硕
081702,081702化学工艺,工学,08,0817,17,263,37,56,253,34,51,学硕
081703,081703生物化工,工学,08,0817,17,263,37,56,253,34,51,学硕
081704,081704应用化学,工学,08,0817,17,263,37,56,253,34,51,学硕
081705,081705工业催化,工学,08,0817,17,263,37,56,253,34,51,学硕
081800,081800地质资源与地质工程,工学,08,0818,18,253,34,51,243,31,47,学硕
081801,081801矿产普查与勘探,工学,08,0818,18,253,34,51,243,31,47,学硕
081802,081802地球探测与信息技术,工学,08,0818,18,253,34,51,243,31,47,学硕
081803,081803地质工程,工学,08,0818,18,253,34,51,243,31,47,学硕
081900,081900矿业工程,工学,08,0819,19,263,37,56,253,34,51,学硕
081901,081901采矿工程,工学,08,0819,19,263,37,56,253,34,51,学硕
081902,081902矿物加工工程,工学,08,0819,19,263,37,56,253,34,51,学硕
081903,081903安全技术及工程,工学,08,0819,19,263,37,56,253,34,51,学硕
082000,082000石油与天然气工程,工学,08,0820,20,263,37,56,253,34,51,学硕
082001,082001油气井工程,工学,08,0820,20,263,37,56,253,34,51,学硕
082002,082002油气田开发工程,工学,08,0820,20,263,37,56,253,34,51,学硕
082003,082003油气储运工程,工学,08,0820,20,263,37,56,253,34,51,学硕
082100,082100纺织科学与工程,工学,08,0821,21,263,37,56,253,34,51,学硕
082101,082101纺织工程,工学,08,0821,21,263,37,56,253,34,51,学硕
082102,082102纺织材料与纺织品设计,工学,08,0821,21,263,37,56,253,34,51,学硕
082103,082103纺织化学与染整工程,工学,08,0821,21,263,37,56,253,34,51,学硕
082104,082104服装设计与工程,工学,08,0821,21,263,37,56,253,34,51,学硕
082200,082200轻工技术与工程,工学,08,0822,22,263,37,56,253,34,51,学硕
082201,082201制浆造纸工程,工学,08,0822,22,263,37,56,253,34,51,学硕
082202,082202制糖工程,工学,08,0822,22,263,37,56,253,34,51,学硕
082203,082203发酵工程,工学,08,0822,22,263,37,56,253,34,51,学硕
082204,082204皮革化学与工程,工学,08,0822,22,263,37,56,253,34,51,学硕
082300,082300交通运输工程,工学,08,0823,23,263,37,56,253,34,51,学硕
082301,082301道路与铁道工程,工学,08,0823,23,263,37,56,253,34,51,学硕
082302,082302交通信息工程及控制,工学,08,0823,23,263,37,56,253,34,51,学硕
082303,082303交通运输规划与管理,工学,08,0823,23,263,37,56,253,34,51,学硕
082304,082304载运工具运用工程,工学,08,0823,23,263,37,56,253,34,51,学硕
082400,082400船舶与海洋工程,工学,08,0824,24,263,37,56,253,34,51,学硕
082401,082401船舶与海洋结构物设计制造,工学,08,0824,24,263,37,56,253,34,51,学硕
082402,082402轮机工程,工学,08,0824,24,263,37,56,253,34,51,学硕
082403,082403水声工程,工学,08,0824,24,263,37,56,253,34,51,学硕
082500,082500航空宇航科学与技术,工学,08,0825,25,253,34,51,243,31,47,学硕
082501,082501飞行器设计,工学,08,0825,25,253,34,51,243,31,47,学硕
082502,082502航空宇航推进理论与工程,工学,08,0825,25,253,34,51,243,31,47,学硕
082503,082503航空宇航制造工程,工学,08,0825,25,253,34,51,243,31,47,学硕
082504,082504人机与环境工程,工学,08,0825,25,253,34,51,243,31,47,学硕
082600,082600兵器科学与技术,工学,08,0826,26,253,34,51,243,31,47,学硕
082601,082601武器系统与运用工程,工学,08,0826,26,253,34,51,243,31,47,学硕
082602,082602兵器发射理论与技术,工学,08,0826,26,253,34,51,243,31,47,学硕
082603,082603火炮、自动武器与弹药工程,工学,08,0826,26,253,34,51,243,31,47,学硕
082604,082604军事化学与烟火技术,工学,08,0826,26,253,34,51,243,31,47,学硕
082700,082700核科学与技术,工学,08,0827,27,253,34,51,243,31,47,学硕
082701,082701核能科学与工程,工学,08,0827,27,253,34,51,243,31,47,学硕
082702,082702核燃料循环与材料,工学,08,0827,27,253,34,51,243,31,47,学硕
082703,082703核技术及应用,工学,08,0827,27,253,34,51,243,31,47,学硕
082704,082704辐射防护及环境保护,工学,08,0827,27,253,34,51,243,31,47,学硕
082800,082800农业工程,工学,08,0828,28,253,34,51,243,31,47,学硕
082801,082801农业机械化工程,工学,08,0828,28,253,34,51,243,31,47,学硕
082802,082802农业水土工程,工学,08,0828,28,253,34,51,243,31,47,学硕
082803,082803农业生物环境与能源工程,工学,08,0828,28,253,34,51,243,31,47,学硕
082804,082804农业电气化与自动化,工学,08,0828,28,253,34,51,243,31,47,学硕
082900,082900林业工程082901森林工程,工学,08,0829,29,263,37,56,253,34,51,学硕
082901,,,,,29,,,,,,,
082902,082902木材科学与技术,工学,08,0829,29,263,37,56,253,34,51,学硕
082903,082903林产化学加工工程,工学,08,0829,29,263,37,56,253,34,51,学硕
083000,083000环境科学与工程(可授工学、理学、农学学位),工学,08,0830,30,263,37,56,253,34,51,学硕
083001,083001环境科学,工学,08,0830,30,263,37,56,253,34,51,学硕
083002,083002环境工程,工学,08,0830,30,263,37,56,253,34,51,学硕
083100,083100生物医学工程,工学,08,0831,31,263,37,56,253,34,51,学硕
083200,083200食品科学与工程(可授工学、理学、医学学位),工学,08,0832,32,263,37,56,253,34,51,学硕
083201,083201食品科学,工学,08,0832,32,263,37,56,253,34,51,学硕
083202,083202粮食、油脂及植物蛋白工程,工学,08,0832,32,263,37,56,253,34,51,学硕
083203,083203农产品加工及贮藏工程,工学,08,0832,32,263,37,56,253,34,51,学硕
083204,083204水产品加工及贮藏工程,工学,08,0832,32,263,37,56,253,34,51,学硕
083300,083300城乡规划学,工学,08,0833,33,263,37,56,253,34,51,学硕
083301,083301区域发展与规划,工学,08,0833,33,263,37,56,253,34,51,学硕
083302,083302城乡规划与设计,工学,08,0833,33,263,37,56,253,34,51,学硕
083303,083303住房与社区建设规划,工学,08,0833,33,263,37,56,253,34,51,学硕
083304,083304城乡发展历史与遗产保护规划,工学,08,0833,33,263,37,56,253,34,51,学硕
083305,083305城乡生态环境与基础设施规划,工学,08,0833,33,263,37,56,253,34,51,学硕
083306,083306城乡规划管理,工学,08,0833,33,263,37,56,253,34,51,学硕
083400,083400风景园林学(可授工学、农学学位),工学,08,0834,34,263,37,56,253,34,51,学硕
083500,083500软件工程,工学,08,0835,35,263,37,56,253,34,51,学硕
083600,083600生物工程,工学,08,0836,36,263,37,56,253,34,51,学硕
083700,083700安全科学与工程,工学,08,0837,37,263,37,56,253,34,51,学硕
083800,083800公安技术,工学,08,0838,38,263,37,56,253,34,51,学硕
083900,083900网络空间安全,工学,08,0839,39,263,37,56,253,34,51,学硕
090100,090100作物学,农学,09,0901,01,252,33,50,242,30,45,学硕
090101,090101作物栽培学与耕作学,农学,09,0901,01,252,33,50,242,30,45,学硕
090102,090102作物遗传育种,农学,09,0901,01,252,33,50,242,30,45,学硕
090200,090200园艺学,农学,09,0902,02,252,33,50,242,30,45,学硕
090201,090201果树学,农学,09,0902,02,252,33,50,242,30,45,学硕
090202,090202蔬菜学,农学,09,0902,02,252,33,50,242,30,45,学硕
090203,090203茶学,农学,09,0902,02,252,33,50,242,30,45,学硕
090300,090300农业资源利用,农学,09,0903,03,252,33,50,242,30,45,学硕
090301,090301土壤学,农学,09,0903,03,252,33,50,242,30,45,学硕
090302,090302植物营养学,农学,09,0903,03,252,33,50,242,30,45,学硕
090400,090400植物保护,农学,09,0904,04,252,33,50,242,30,45,学硕
090401,090401植物病理学,农学,09,0904,04,252,33,50,242,30,45,学硕
090402,090402农业昆虫与害虫防治,农学,09,0904,04,252,33,50,242,30,45,学硕
090403,090403农药学(可授农学、理学学位),农学,09,0904,04,252,33,50,242,30,45,学硕
090500,090500畜牧学,农学,09,0905,05,252,33,50,242,30,45,学硕
090501,090501动物遗传育种与繁殖,农学,09,0905,05,252,33,50,242,30,45,学硕
090502,090502动物营养与饲料科学,农学,09,0905,05,252,33,50,242,30,45,学硕
090503,090503草业科学,农学,09,0905,05,252,33,50,242,30,45,学硕
090504,090504特种经济动物饲养(含：蚕、蜂等),农学,09,0905,05,252,33,50,242,30,45,学硕
090600,090600兽医学,农学,09,0906,06,252,33,50,242,30,45,学硕
090601,090601基础兽医学,农学,09,0906,06,252,33,50,242,30,45,学硕
090602,090602预防兽医学,农学,09,0906,06,252,33,50,242,30,45,学硕
090603,090603临床兽医学,农学,09,0906,06,252,33,50,242,30,45,学硕
090700,090700林学,农学,09,0907,07,252,33,50,242,30,45,学硕
090701,090701林木遗传育种,农学,09,0907,07,252,33,50,242,30,45,学硕
090702,090702森林培育,农学,09,0907,07,252,33,50,242,30,45,学硕
090703,090703森林保护学,农学,09,0907,07,252,33,50,242,30,45,学硕
090704,090704森林经理学,农学,09,0907,07,252,33,50,242,30,45,学硕
090705,090705野生动植物保护与利用,农学,09,0907,07,252,33,50,242,30,45,学硕
090706,090706园林植物与观赏园艺,农学,09,0907,07,252,33,50,242,30,45,学硕
090707,090707水土保持与荒漠化防治,农学,09,0907,07,252,33,50,242,30,45,学硕
090800,090800水产,农学,09,0908,08,252,33,50,242,30,45,学硕
090801,090801水产养殖,农学,09,0908,08,252,33,50,242,30,45,学硕
090802,090802捕捞学,农学,09,0908,08,252,33,50,242,30,45,学硕
090803,090803渔业资源,农学,09,0908,08,252,33,50,242,30,45,学硕
090900,090900草学,农学,09,0909,09,252,33,50,242,30,45,学硕
100100,100100基础医学(可授医学、理学学位),医学,10,1001,01,299,41,123,289,38,114,学硕
100101,100101人体解剖与组织胚胎学,医学,10,1001,01,299,41,123,289,38,114,学硕
100102,100102免疫学,医学,10,1001,01,299,41,123,289,38,114,学硕
100103,100103病原生物学,医学,10,1001,01,299,41,123,289,38,114,学硕
100104,100104病理学与病理生理学,医学,10,1001,01,299,41,123,289,38,114,学硕
100105,100105法医学,医学,10,1001,01,299,41,123,289,38,114,学硕
100106,100106放射医学,医学,10,1001,01,299,41,123,289,38,114,学硕
100107,100107航空、航天与航海医学,医学,10,1001,01,299,41,123,289,38,114,学硕
100200,100200临床医学,医学,10,1002,02,299,41,123,289,38,114,学硕
100201,100201内科学(含：心血管病、血液病、呼吸系病、消化系病、内分泌与代谢病、肾病、风湿病、传,医学,10,1002,02,299,41,123,289,38,114,学硕
100202,100202儿科学,医学,10,1002,02,299,41,123,289,38,114,学硕
100203,100203老年医学,医学,10,1002,02,299,41,123,289,38,114,学硕
100204,100204神经病学,医学,10,1002,02,299,41,123,289,38,114,学硕
100205,100205精神病与精神卫生学,医学,10,1002,02,299,41,123,289,38,114,学硕
100206,100206皮肤病与性病学,医学,10,1002,02,299,41,123,289,38,114,学硕
100207,100207影像医学与核医学,医学,10,1002,02,299,41,123,289,38,114,学硕
100208,100208临床检验诊断学,医学,10,1002,02,299,41,123,289,38,114,学硕
100209,100209护理学,医学,10,1002,02,299,41,123,289,38,114,学硕
100210,100210外科学(含：普外、骨外、泌尿外、胸心外、神外、整形、烧伤、野战外),医学,10,1002,02,299,41,123,289,38,114,学硕
100211,100211妇产科学,医学,10,1002,02,299,41,123,289,38,114,学硕
100212,100212眼科学,医学,10,1002,02,299,41,123,289,38,114,学硕
100213,100213耳鼻咽喉科学,医学,10,1002,02,299,41,123,289,38,114,学硕
100214,100214肿瘤学,医学,10,1002,02,299,41,123,289,38,114,学硕
100215,100215康复医学与理疗学,医学,10,1002,02,299,41,123,289,38,114,学硕
100216,100216运动医学,医学,10,1002,02,299,41,123,289,38,114,学硕
100217,100217麻醉学,医学,10,1002,02,299,41,123,289,38,114,学硕
100218,100218急诊医学,医学,10,1002,02,299,41,123,289,38,114,学硕
100300,100300口腔医学,医学,10,1003,03,299,41,123,289,38,114,学硕
100301,100301口腔基础医学,医学,10,1003,03,299,41,123,289,38,114,学硕
100302,100302口腔临床医学,医学,10,1003,03,299,41,123,289,38,114,学硕
100400,100400公共卫生与预防医学(可授医学、理学学位),医学,10,1004,04,299,41,123,289,38,114,学硕
100401,100401流行病与卫生统计学,医学,10,1004,04,299,41,123,289,38,114,学硕
100402,100402劳动卫生与环境卫生学,医学,10,1004,04,299,41,123,289,38,114,学硕
100403,100403营养与食品卫生学,医学,10,1004,04,299,41,123,289,38,114,学硕
100404,100404少儿卫生与妇幼保健学,医学,10,1004,04,299,41,123,289,38,114,学硕
100405,100405卫生毒理学,医学,10,1004,04,299,41,123,289,38,114,学硕
100406,100406军事预防医学,医学,10,1004,04,299,41,123,289,38,114,学硕
100500,100500中医学,医学,10,1005,05,299,40,120,289,37,111,学硕
100501,100501中医基础理论,医学,10,1005,05,299,40,120,289,37,111,学硕
100502,100502中医临床基础,医学,10,1005,05,299,40,120,289,37,111,学硕
100503,100503中医医史文献,医学,10,1005,05,299,40,120,289,37,111,学硕
100504,100504方剂学,医学,10,1005,05,299,40,120,289,37,111,学硕
100505,100505中医诊断学,医学,10,1005,05,299,40,120,289,37,111,学硕
100506,100506中医内科学,医学,10,1005,05,299,40,120,289,37,111,学硕
100507,100507中医外科学,医学,10,1005,05,299,40,120,289,37,111,学硕
100508,100508中医骨伤科学,医学,10,1005,05,299,40,120,289,37,111,学硕
100509,100509中医妇科学,医学,10,1005,05,299,40,120,289,37,111,学硕
100510,100510中医儿科学,医学,10,1005,05,299,40,120,289,37,111,学硕
100511,100511中医五官科学,医学,10,1005,05,299,40,120,289,37,111,学硕
100512,100512针灸推拿学,医学,10,1005,05,299,40,120,289,37,111,学硕
100513,100513民族医学(含：藏医学、蒙医学等),医学,10,1005,05,299,40,120,289,37,111,学硕
100600,100600中西医结合,医学,10,1006,06,299,40,120,289,37,111,学硕
100601,100601中西医结合基础,医学,10,1006,06,299,40,120,289,37,111,学硕
100602,100602中西医结合临床,医学,10,1006,06,299,40,120,289,37,111,学硕
100700,100700药学(可授医学、理学学位),医学,10,1007,07,299,41,123,289,38,114,学硕
100701,100701药物化学,医学,10,1007,07,299,41,123,289,38,114,学硕
100702,100702药剂学,医学,10,1007,07,299,41,123,289,38,114,学硕
100703,100703生药学,医学,10,1007,07,299,41,123,289,38,114,学硕
100704,100704药物分析学,医学,10,1007,07,299,41,123,289,38,114,学硕
100705,100705微生物与生化药学,医学,10,1007,07,299,41,123,289,38,114,学硕
100706,100706药理学,医学,10,1007,07,299,41,123,289,38,114,学硕
100800,100800中药学,医学,10,1008,08,299,41,123,289,38,114,学硕
100900,100900特种医学,医学,10,1009,09,299,41,123,289,38,114,学硕
101000,101000医学技术(可授医学、理学学位),医学,10,1010,10,299,41,123,289,38,114,学硕
101100,101100护理学(可授医学、理学学位),医学,10,1011,11,299,41,123,289,38,114,学硕
110100,110100军事思想及军事历史,军事学,11,1101,01,265,37,56,255,34,51,学硕
110101,110101军事思想,军事学,11,1101,01,265,37,56,255,34,51,学硕
110102,110102军事历史,军事学,11,1101,01,265,37,56,255,34,51,学硕
110200,110200战略学,军事学,11,1102,02,265,37,56,255,34,51,学硕
110201,110201军事战略学,军事学,11,1102,02,265,37,56,255,34,51,学硕
110202,110202战争动员学,军事学,11,1102,02,265,37,56,255,34,51,学硕
110300,110300战役学,军事学,11,1103,03,265,37,56,255,34,51,学硕
110301,110301联合战役学,军事学,11,1103,03,265,37,56,255,34,51,学硕
110302,110302军种战役学(含∶第二炮兵战役学),军事学,11,1103,03,265,37,56,255,34,51,学硕
110400,110400战术学,军事学,11,1104,04,265,37,56,255,34,51,学硕
110401,110401合同战术学,军事学,11,1104,04,265,37,56,255,34,51,学硕
110402,110402兵种战术学,军事学,11,1104,04,265,37,56,255,34,51,学硕
110500,110500军队指挥学,军事学,11,1105,05,265,37,56,255,34,51,学硕
110501,110501作战指挥学,军事学,11,1105,05,265,37,56,255,34,51,学硕
110502,110502军事运筹学,军事学,11,1105,05,265,37,56,255,34,51,学硕
110503,110503军事通信学,军事学,11,1105,05,265,37,56,255,34,51,学硕
110504,110504军事情报学,军事学,11,1105,05,265,37,56,255,34,51,学硕
110505,110505密码学,军事学,11,1105,05,265,37,56,255,34,51,学硕
110506,110506军事教育训练学(含∶军事体育学),军事学,11,1105,05,265,37,56,255,34,51,学硕
110600,110600军制学,军事学,11,1106,06,265,37,56,255,34,51,学硕
110601,110601军事组织编制学,军事学,11,1106,06,265,37,56,255,34,51,学硕
110602,110602军队管理学,军事学,11,1106,06,265,37,56,255,34,51,学硕
110700,110700军队政治工作学,军事学,11,1107,07,265,37,56,255,34,51,学硕
110800,110800军事后勤学与军事装备学,军事学,11,1108,08,265,37,56,255,34,51,学硕
110801,110801军事后勤学,军事学,11,1108,08,265,37,56,255,34,51,学硕
110802,110802后方专业勤务,军事学,11,1108,08,265,37,56,255,34,51,学硕
110803,110803军事装备学,军事学,11,1108,08,265,37,56,255,34,51,学硕
110900,110900军事装备学,军事学,11,1109,09,265,37,56,255,34,51,学硕
111000,111000军事训练学,军事学,11,1110,10,265,37,56,255,34,51,学硕
120100,120100管理科学与工程(可授管理学、工学学位),管理学,12,1201,01,341,48,72,331,45,68,学硕
120200,120200工商管理,管理学,12,1202,02,341,48,72,331,45,68,学硕
120201,120201会计学,管理学,12,1202,02,341,48,72,331,45,68,学硕
120202,120202企业管理(含：财务管理、市场营销、人力资源管理),管理学,12,1202,02,341,48,72,331,45,68,学硕
120203,120203旅游管理,管理学,12,1202,02,341,48,72,331,45,68,学硕
120204,120204技术经济及管理,管理学,12,1202,02,341,48,72,331,45,68,学硕
120300,120300农林经济管理,管理学,12,1203,03,341,48,72,331,45,68,学硕
120301,120301农业经济管理,管理学,12,1203,03,341,48,72,331,45,68,学硕
120302,120302林业经济管理,管理学,12,1203,03,341,48,72,331,45,68,学硕
120400,120400公共管理,管理学,12,1204,04,341,48,72,331,45,68,学硕
120401,120401行政管理,管理学,12,1204,04,341,48,72,331,45,68,学硕
120402,120402社会医学与卫生事业管理(可授管理学、医学学位),管理学,12,1204,04,341,48,72,331,45,68,学硕
120403,120403教育经济与管理(可授管理学、教育学学位),管理学,12,1204,04,341,48,72,331,45,68,学硕
120404,120404社会保障,管理学,12,1204,04,341,48,72,331,45,68,学硕
120405,120405土地资源管理,管理学,12,1204,04,341,48,72,331,45,68,学硕
120500,120500图书馆、情报与档案管理,管理学,12,1205,05,341,48,72,331,45,68,学硕
120501,120501图书馆学,管理学,12,1205,05,341,48,72,331,45,68,学硕
120502,120502情报学,管理学,12,1205,05,341,48,72,331,45,68,学硕
120503,120503档案学,管理学,12,1205,05,341,48,72,331,45,68,学硕
130100,130100艺术学理论,艺术学,13,1301,01,346,38,57,336,35,53,学硕
130101,130101艺术学理论,艺术学,13,1301,01,346,38,57,336,35,53,学硕
130200,130200音乐与舞蹈学,艺术学,13,1302,02,346,38,57,336,35,53,学硕
130201,130201音乐学,艺术学,13,1302,02,346,38,57,336,35,53,学硕
130202,130202音乐表演,艺术学,13,1302,02,346,38,57,336,35,53,学硕
130203,130203作曲与作曲技巧理论,艺术学,13,1302,02,346,38,57,336,35,53,学硕
130204,130204舞蹈学,艺术学,13,1302,02,346,38,57,336,35,53,学硕
130205,130205舞蹈表演,艺术学,13,1302,02,346,38,57,336,35,53,学硕
130206,130206舞蹈编导,艺术学,13,1302,02,346,38,57,336,35,53,学硕
130300,130300戏剧与影视学,艺术学,13,1303,03,346,38,57,336,35,53,学硕
130301,130301播音与主持艺术,艺术学,13,1303,03,346,38,57,336,35,53,学硕
130302,130302广播电视编导,艺术学,13,1303,03,346,38,57,336,35,53,学硕
130303,130303戏剧影视文学,艺术学,13,1303,03,346,38,57,336,35,53,学硕
130304,130304戏剧学,艺术学,13,1303,03,346,38,57,336,35,53,学硕
130305,130305电影学,艺术学,13,1303,03,346,38,57,336,35,53,学硕
130306,130306戏剧影视导演,艺术学,13,1303,03,346,38,57,336,35,53,学硕
130307,130307表演,艺术学,13,1303,03,346,38,57,336,35,53,学硕
130308,130308录音艺术,艺术学,13,1303,03,346,38,57,336,35,53,学硕
130309,130309影视摄影与制作（特设专业）,艺术学,13,1303,03,346,38,57,336,35,53,学硕
130310,130310戏剧影视美术设计,艺术学,13,1303,03,346,38,57,336,35,53,学硕
130311,130311动画,艺术学,13,1303,03,346,38,57,336,35,53,学硕
130400,130400美术学,艺术学,13,1304,04,346,38,57,336,35,53,学硕
130401,130401美术学,艺术学,13,1304,04,346,38,57,336,35,53,学硕
130402,130402绘画,艺术学,13,1304,04,346,38,57,336,35,53,学硕
130403,130403雕塑,艺术学,13,1304,04,346,38,57,336,35,53,学硕
130404,130404摄影,艺术学,13,1304,04,346,38,57,336,35,53,学硕
130405,130405中国画（特设专业）,艺术学,13,1304,04,346,38,57,336,35,53,学硕
130406,130406书法学（特设专业）,艺术学,13,1304,04,346,38,57,336,35,53,学硕
130500,130500设计学(可授艺术学、工学学位),艺术学,13,1305,05,346,38,57,336,35,53,学硕
130501,130501艺术设计学,艺术学,13,1305,05,346,38,57,336,35,53,学硕
130502,130502视觉传达设计,艺术学,13,1305,05,346,38,57,336,35,53,学硕
130503,130503环境设计,艺术学,13,1305,05,346,38,57,336,35,53,学硕
130504,130504产品设计,艺术学,13,1305,05,346,38,57,336,35,53,学硕
130505,130505服装与服饰设计,艺术学,13,1305,05,346,38,57,336,35,53,学硕
130506,130506公共艺术,艺术学,13,1305,05,346,38,57,336,35,53,学硕
130507,130507工艺美术,艺术学,13,1305,05,346,38,57,336,35,53,学硕
130508,130508数字媒体艺术,艺术学,13,1305,05,346,38,57,336,35,53,学硕
130509,130509艺术与科技,艺术学,13,1305,05,346,38,57,336,35,53,学硕
025100,025100金融,经济学,02,0251,51,348,49,74,338,46,69,专硕
025200,025200应用统计,经济学,02,0252,52,348,49,74,338,46,69,专硕
025300,025300税务,经济学,02,0253,53,348,49,74,338,46,69,专硕
025400,025400国际商务,经济学,02,0254,54,348,49,74,338,46,69,专硕
025500,025500保险,经济学,02,0255,55,348,49,74,338,46,69,专硕
025600,025600资产评估,经济学,02,0256,56,348,49,74,338,46,69,专硕
025700,025700审计,经济学,02,0257,57,179,46,92,169,41,82,专硕
035100,035100法律,法学,03,0351,51,321,44,66,311,41,62,专硕
035101,035101法律（非法学）,法学,03,0351,51,321,44,66,311,41,62,专硕
035102,035102法律（法学）,法学,03,0351,51,321,44,66,311,41,62,专硕
035200,035200社会工作,法学,03,0352,52,321,44,66,311,41,62,专硕
035300,035300警务,法学,03,0353,53,321,44,66,311,41,62,专硕
045120,045120职业技术教育,教育学,04,0451,51,337,47,71,327,44,66,专硕
045100,045100教育,教育学,04,0451,51,337,47,71,327,44,66,专硕
045101,045101教育管理,教育学,04,0451,51,337,47,71,327,44,66,专硕
045102,045102学科教学（思政）,教育学,04,0451,51,337,47,71,327,44,66,专硕
045103,045103学科教学（语文）,教育学,04,0451,51,337,47,71,327,44,66,专硕
045104,045104学科教学（数学）,教育学,04,0451,51,337,47,71,327,44,66,专硕
045105,045105学科教学（物理）,教育学,04,0451,51,337,47,71,327,44,66,专硕
045106,045106学科教学（化学）,教育学,04,0451,51,337,47,71,327,44,66,专硕
045107,045107学科教学（生物）,教育学,04,0451,51,337,47,71,327,44,66,专硕
045108,045108学科教学（英语）,教育学,04,0451,51,337,47,71,327,44,66,专硕
045109,045109学科教学（历史）,教育学,04,0451,51,337,47,71,327,44,66,专硕
045110,045110学科教学（地理）,教育学,04,0451,51,337,47,71,327,44,66,专硕
045111,045111学科教学（音乐）,教育学,04,0451,51,337,47,71,327,44,66,专硕
045112,045112学科教学（体育）,教育学,04,0451,51,337,47,71,327,44,66,专硕
045113,045113学科教学（美术）,教育学,04,0451,51,337,47,71,327,44,66,专硕
045114,045114现代教育技术,教育学,04,0451,51,337,47,71,327,44,66,专硕
045115,045115小学教育,教育学,04,0451,51,337,47,71,327,44,66,专硕
045116,045116心理健康教育,教育学,04,0451,51,337,47,71,327,44,66,专硕
045117,045117科学与技术教育,教育学,04,0451,51,337,47,71,327,44,66,专硕
045118,045118学前教育,教育学,04,0451,51,337,47,71,327,44,66,专硕
045119,045119特殊教育,教育学,04,0451,51,337,47,71,327,44,66,专硕
045171,045171学校课程与教学,教育学,04,0451,51,337,47,71,327,44,66,专硕
045172,045172学生发展与教育,教育学,04,0451,51,337,47,71,327,44,66,专硕
045173,045173教育领导与管理,教育学,04,0451,51,337,47,71,327,44,66,专硕
045174,045174汉语国际教育,教育学,04,0451,51,337,47,71,327,44,66,专硕
045200,045200体育,教育学,04,0452,52,281,35,105,271,32,96,专硕
045201,045201体育教学,教育学,04,0452,52,281,35,105,271,32,96,专硕
045202,045202运动训练,教育学,04,0452,52,281,35,105,271,32,96,专硕
045203,045203竞赛组织,教育学,04,0452,52,281,35,105,271,32,96,专硕
045204,045204社会体育指导,教育学,04,0452,52,337,47,71,327,44,66,专硕
045300,045300汉语国际教育,教育学,04,0453,53,337,47,71,327,44,66,专硕
045400,045400应用心理,教育学,04,0454,54,337,47,141,327,44,132,专硕
055119,055119 意大利语笔译,文学,05,0551,51,355,53,80,345,50,75,专硕
055120,055120 意大利语口译,文学,05,0551,51,355,53,80,345,50,75,专硕
055121,055121 越南语笔译,文学,05,0551,51,355,53,80,345,50,75,专硕
055122,055122 越南语口译,文学,05,0551,51,355,53,80,345,50,75,专硕
055113,055113 西班牙语笔译,文学,05,0551,51,355,53,80,345,50,75,专硕
055114,055114 西班牙语口译,文学,05,0551,51,355,53,80,345,50,75,专硕
055115,055115 阿拉伯语笔译,文学,05,0551,51,355,53,80,345,50,75,专硕
055116,055116 阿拉伯语口译,文学,05,0551,51,355,53,80,345,50,75,专硕
055117,055117 泰语笔译,文学,05,0551,51,355,53,80,345,50,75,专硕
055118,055118 泰语口译,文学,05,0551,51,355,53,80,345,50,75,专硕
055100,055100 翻译,文学,05,0551,51,355,53,80,345,50,75,专硕
055101,055101 英语笔译,文学,05,0551,51,355,53,80,345,50,75,专硕
055102,055102 英语口译,文学,05,0551,51,355,53,80,345,50,75,专硕
055103,055103 俄语笔译,文学,05,0551,51,355,53,80,345,50,75,专硕
055104,055104 俄语口译,文学,05,0551,51,355,53,80,345,50,75,专硕
055105,055105 日语笔译,文学,05,0551,51,355,53,80,345,50,75,专硕
055106,055106 日语口译,文学,05,0551,51,355,53,80,345,50,75,专硕
055107,055107 法语笔译,文学,05,0551,51,355,53,80,345,50,75,专硕
055108,055108 法语口译,文学,05,0551,51,355,53,80,345,50,75,专硕
055109,055109 德语笔译,文学,05,0551,51,355,53,80,345,50,75,专硕
055110,055110 德语口译,文学,05,0551,51,355,53,80,345,50,75,专硕
055111,055111 朝鲜语笔译,文学,05,0551,51,355,53,80,345,50,75,专硕
055112,055112 朝鲜语口译,文学,05,0551,51,355,53,80,345,50,75,专硕
055200,055200 新闻与传播,文学,05,0552,52,355,53,80,345,50,75,专硕
055300,055300 出版,文学,05,0553,53,355,53,80,345,50,75,专硕
065100,065100 文物与博物馆,历史学,06,0651,51,321,43,129,311,40,120,专硕
085100,085100 建筑学,工学,08,0851,51,263,37,56,253,34,51,专硕
085300,085300 城市规划,工学,08,0853,53,263,37,56,253,34,51,专硕
085400,085400 电子信息,工学,08,0854,54,263,37,56,253,34,51,专硕
085500,085500 机械,工学,08,0855,55,263,37,56,253,34,51,专硕
085600,085600 材料与化工,工学,08,0856,56,263,37,56,253,34,51,专硕
085700,085700 资源与环境,工学,08,0857,57,263,37,56,253,34,51,专硕
085800,085800 能源动力,工学,08,0858,58,263,37,56,253,34,51,专硕
085900,085900 土木水利,工学,08,0859,59,263,37,56,253,34,51,专硕
086000,086000 生物与医药,工学,08,0860,60,263,37,56,253,34,51,专硕
086100,086100 交通运输,工学,08,0861,61,263,37,56,253,34,51,专硕
095100,095100 农业,农学,09,0951,51,252,33,50,242,30,45,专硕
095131,095131 农艺与种业,农学,09,0951,51,252,33,50,242,30,45,专硕
095132,095132 资源利用与植物保护,农学,09,0951,51,252,33,50,242,30,45,专硕
095133,095133 畜牧,农学,09,0951,51,252,33,50,242,30,45,专硕
095134,095134 渔业发展,农学,09,0951,51,252,33,50,242,30,45,专硕
095135,095135 食品加工与安全,农学,09,0951,51,252,33,50,242,30,45,专硕
095136,095136 农业工程与信息技术,农学,09,0951,51,252,33,50,242,30,45,专硕
095137,095137 农业管理,农学,09,0951,51,252,33,50,242,30,45,专硕
095138,095138 农村发展,农学,09,0951,51,252,33,50,242,30,45,专硕
095200,095200 兽医,农学,09,0952,52,252,33,50,242,30,45,专硕
095300,095300 风景园林,农学,09,0953,53,252,33,50,242,30,45,专硕
095400,095400 林业,农学,09,0954,54,252,33,50,242,30,45,专硕
105100,105100 临床医学,医学,10,1051,51,299,41,123,289,38,114,专硕
105101,105101 内科学,医学,10,1051,51,299,41,123,289,38,114,专硕
105102,105102 儿科学,医学,10,1051,51,299,41,123,289,38,114,专硕
105103,105103 老年医学,医学,10,1051,51,299,41,123,289,38,114,专硕
105104,105104 神经病学,医学,10,1051,51,299,41,123,289,38,114,专硕
105105,105105 精神病与精神卫生学,医学,10,1051,51,299,41,123,289,38,114,专硕
105106,105106 皮肤病与性病学,医学,10,1051,51,299,41,123,289,38,114,专硕
105107,105107 急诊医学,医学,10,1051,51,299,41,123,289,38,114,专硕
105108,105108 重症医学,医学,10,1051,51,299,41,123,289,38,114,专硕
105109,105109 全科医学,医学,10,1051,51,299,41,123,289,38,114,专硕
105110,105110 康复医学与理疗学,医学,10,1051,51,299,41,123,289,38,114,专硕
105111,105111 外科学,医学,10,1051,51,299,41,123,289,38,114,专硕
105112,105112 儿外科学,医学,10,1051,51,299,41,123,289,38,114,专硕
105113,105113 骨科学,医学,10,1051,51,299,41,123,289,38,114,专硕
105114,105114 运动医学,医学,10,1051,51,299,41,123,289,38,114,专硕
105115,105115 妇产科学,医学,10,1051,51,299,41,123,289,38,114,专硕
105116,105116 眼科学,医学,10,1051,51,299,41,123,289,38,114,专硕
105117,105117 耳鼻咽喉科学,医学,10,1051,51,299,41,123,289,38,114,专硕
105125,105125 核医学,医学,10,1051,51,299,41,123,289,38,114,专硕
105126,105126 医学遗传学,医学,10,1051,51,299,41,123,289,38,114,专硕
105118,105118 麻醉学,医学,10,1051,51,299,41,123,289,38,114,专硕
105119,105119 临床病理,医学,10,1051,51,299,41,123,289,38,114,专硕
105120,105120 临床检验诊断学,医学,10,1051,51,299,41,123,289,38,114,专硕
105121,105121 肿瘤学,医学,10,1051,51,299,41,123,289,38,114,专硕
105122,105122 放射肿瘤学,医学,10,1051,51,299,41,123,289,38,114,专硕
105123,105123 放射影像学,医学,10,1051,51,299,41,123,289,38,114,专硕
105124,105124 超声医学,医学,10,1051,51,299,41,123,289,38,114,专硕
105200,105200 口腔医学,医学,10,1052,52,299,41,123,289,38,114,专硕
105300,105300 公共卫生,医学,10,1053,53,299,41,123,289,38,114,专硕
105400,105400 护理,医学,10,1054,54,299,41,123,289,38,114,专硕
105500,105500 药学,医学,10,1055,55,299,41,123,289,38,114,专硕
105600,105600 中药学,医学,10,1056,56,299,41,123,289,38,114,专硕
105700,105700中医,医学,10,1057,57,299,40,120,289,37,111,专硕
105701,105701 中医内科学,医学,10,1057,57,299,40,120,289,37,111,专硕
105702,105702 中医外科学,医学,10,1057,57,299,40,120,289,37,111,专硕
105703,105703 中医骨伤科学,医学,10,1057,57,299,40,120,289,37,111,专硕
105704,105704 中医妇科学,医学,10,1057,57,299,40,120,289,37,111,专硕
105705,105705 中医儿科学,医学,10,1057,57,299,40,120,289,37,111,专硕
105706,105706 中医五官科学,医学,10,1057,57,299,40,120,289,37,111,专硕
105707,105707 针灸推拿学,医学,10,1057,57,299,40,120,289,37,111,专硕
105708,105708 民族医学（含：藏医学、蒙医学等）,医学,10,1057,57,299,40,120,289,37,111,专硕
105709,105709 中西医结合临床,医学,10,1057,57,299,40,120,289,37,111,专硕
105700,105700 中医,医学,10,1057,57,299,40,120,289,37,111,专硕
105710,105710 全科医学,医学,10,1057,57,299,40,120,289,37,111,专硕
115100,115100军事,军事学,11,1151,51,265,37,56,255,34,51,专硕
115101,115101 军事指挥,军事学,11,1151,51,265,37,56,255,34,51,专硕
115102,115102 军队政治工作,军事学,11,1151,51,265,37,56,255,34,51,专硕
115103,115103 军事后勤,军事学,11,1151,51,265,37,56,255,34,51,专硕
115104,115104 军事装备,军事学,11,1151,51,265,37,56,255,34,51,专硕
125100,125100 工商管理,管理学,12,1251,51,170,42,84,160,37,74,专硕
125200,125200 公共管理,管理学,12,1252,52,174,43,86,164,38,76,专硕
125300,125300 会计,管理学,12,1253,53,179,46,92,169,41,82,专硕
125400,125400 旅游管理,管理学,12,1254,54,170,42,84,160,37,74,专硕
125500,125500 图书情报,管理学,12,1255,55,179,46,92,169,41,82,专硕
125600,125600 工程管理,管理学,12,1256,56,174,43,86,164,38,76,专硕
125601,125601 工程管理,管理学,12,1256,56,174,43,86,164,38,76,专硕
125602,125602 项目管理,管理学,12,1256,56,174,43,86,164,38,76,专硕
125603,125603 工业工程与管理,管理学,12,1256,56,174,43,86,164,38,76,专硕
125604,125604 物流工程与管理,管理学,12,1256,56,174,43,86,164,38,76,专硕
135100,135100 艺术,艺术学,13,1351,51,346,38,57,336,35,53,专硕
135101,135101 音乐,艺术学,13,1351,51,346,38,57,336,35,53,专硕
135102,135102 戏剧,艺术学,13,1351,51,346,38,57,336,35,53,专硕
135103,135103 戏曲,艺术学,13,1351,51,346,38,57,336,35,53,专硕
135104,135104 电影,艺术学,13,1351,51,346,38,57,336,35,53,专硕
135105,135105 广播电视,艺术学,13,1351,51,346,38,57,336,35,53,专硕
135106,135106 舞蹈,艺术学,13,1351,51,346,38,57,336,35,53,专硕
135107,135107 美术,艺术学,13,1351,51,346,38,57,336,35,53,专硕
135108,135108 艺术设计,艺术学,13,1351,51,346,38,57,336,35,53,专硕
,享受少数民族照顾政策的考生⑦,,,,,249,30,45,249,30,45,专硕
