专业代码,专业代码与名称,学科分类,学科代码,一级学科代码,,国家线A线总分,国家线A线单科=100,国家线A线单科>100,国家线B线总分,国家线B线单科=100,国家线B线单科>100,学位类型,A全日制调剂,A全日制一志愿,B全日制调剂,B全日制一志愿,A非全日制调剂,A非全日制一志愿,B非全日制调剂,B非全日制一志愿
010101,010101马克思主义哲学,哲学,01,0101,01,299,41,62,289,38,57,学硕, 352.08 , 366.64 , 359.05 , 337.42 ,,,,
010102,010102中国哲学,哲学,01,0101,01,299,41,62,289,38,57,学硕, 356.23 , 361.04 , 348.82 , 331.20 ,,,,
010103,010103外国哲学,哲学,01,0101,01,299,41,62,289,38,57,学硕, 361.63 , 362.37 , 328.64 , 352.50 ,,,,
010104,010104逻辑学,哲学,01,0101,01,299,41,62,289,38,57,学硕, 353.93 , 376.04 ,,,,,,
010105,010105伦理学,哲学,01,0101,01,299,41,62,289,38,57,学硕, 343.35 , 364.38 , 338.95 , 324.50 ,,,,
010106,010106美学,哲学,01,0101,01,299,41,62,289,38,57,学硕, 353.71 , 359.29 , 341.80 , 337.25 ,,,,
010107,010107宗教学,哲学,01,0101,01,299,41,62,289,38,57,学硕, 347.40 , 357.71 , 334.53 , 328.60 ,, 347.00 ,,
010108,010108科学技术哲学,哲学,01,0101,01,299,41,62,289,38,57,学硕, 346.13 , 347.25 , 337.00 , 346.50 ,,,,
020100,020100理论经济学,经济学,02,0201,01,348,49,74,338,46,69,学硕, 365.67 , 378.89 , 352.99 , 354.83 ,,,,
020101,020101政治经济学,经济学,02,0201,01,348,49,74,338,46,69,学硕, 373.58 , 385.77 , 343.50 ,,,,,
020102,020102经济思想史,经济学,02,0201,01,348,49,74,338,46,69,学硕, 369.57 , 398.56 , 338.00 ,,,,,
020103,020103经济史,经济学,02,0201,01,348,49,74,338,46,69,学硕, 364.87 , 375.53 , 354.00 ,,,,,
020104,020104西方经济学,经济学,02,0201,01,348,49,74,338,46,69,学硕, 368.24 , 384.69 , 349.00 , 348.00 ,,,,
020105,020105世界经济,经济学,02,0201,01,348,49,74,338,46,69,学硕, 377.46 , 381.91 , 341.64 , 357.00 ,,,,
020106,020106人口、资源与环境经济学,经济学,02,0201,01,348,49,74,338,46,69,学硕, 355.67 , 390.84 , 345.40 , 347.00 ,,,,
020200,020200应用经济学,经济学,02,0202,02,348,49,74,338,46,69,学硕, 360.73 , 376.25 , 331.27 , 365.81 ,, 373.00 ,,
020201,020201国民经济学,经济学,02,0202,02,348,49,74,338,46,69,学硕, 365.72 , 388.36 , 349.20 , 368.00 ,,,,
020202,020202区域经济学,经济学,02,0202,02,348,49,74,338,46,69,学硕, 367.19 , 374.07 , 346.03 , 272.00 ,,,,
020203,020203财政学(含∶税收学),经济学,02,0202,02,348,49,74,338,46,69,学硕, 366.89 , 376.79 , 345.14 , 354.40 ,,,,
020204,020204金融学(含∶保险学),经济学,02,0202,02,348,49,74,338,46,69,学硕, 375.87 , 378.15 , 347.13 , 365.78 ,,,,
020205,020205产业经济学,经济学,02,0202,02,348,49,74,338,46,69,学硕, 370.66 , 378.56 , 353.30 , 357.09 ,,,,
020206,020206国际贸易学,经济学,02,0202,02,348,49,74,338,46,69,学硕, 371.30 , 376.71 , 343.11 , 343.00 , 351.10 ,,,
020207,020207劳动经济学,经济学,02,0202,02,348,49,74,338,46,69,学硕, 371.77 , 386.28 , 356.00 ,,,,,
020208,020208统计学,经济学,02,0202,02,348,49,74,338,46,69,学硕, 363.84 , 362.75 ,,,,,,
020209,020209数量经济学,经济学,02,0202,02,348,49,74,338,46,69,学硕, 369.94 , 385.87 , 345.50 ,,,,,
020210,020210国防经济,经济学,02,0202,02,348,49,74,338,46,69,学硕,, 388.33 ,,,,,,
030100,030100法学,法学,03,0301,01,321,44,66,311,41,62,学硕, 340.09 , 361.96 , 355.01 , 341.12 , 365.50 , 332.45 ,,
030101,030101法学理论,法学,03,0301,01,321,44,66,311,41,62,学硕, 356.67 , 362.94 , 352.18 , 344.62 ,,,,
030102,030102法律史,法学,03,0301,01,321,44,66,311,41,62,学硕, 353.18 , 362.01 ,,,,,,
030103,030103宪法学与行政法学,法学,03,0301,01,321,44,66,311,41,62,学硕, 360.03 , 364.30 , 350.38 , 346.83 ,,,,
030104,030104刑法学,法学,03,0301,01,321,44,66,311,41,62,学硕, 376.46 , 368.28 ,, 367.50 ,,,,
030105,030105民商法学(含：劳动法学、社会保障法学),法学,03,0301,01,321,44,66,311,41,62,学硕, 363.62 , 365.51 , 353.77 , 345.71 ,,,,
030106,030106诉讼法学,法学,03,0301,01,321,44,66,311,41,62,学硕, 369.35 , 370.92 , 357.00 , 367.88 ,,,,
030107,030107经济法学,法学,03,0301,01,321,44,66,311,41,62,学硕, 367.44 , 368.55 , 361.86 , 345.27 ,,,,
030108,030108环境与资源保护法学,法学,03,0301,01,321,44,66,311,41,62,学硕, 351.52 , 364.88 , 352.33 , 339.00 ,,,,
030109,030109国际法学(含：国际公法、国际私法、国际经济法),法学,03,0301,01,321,44,66,311,41,62,学硕, 366.37 , 365.34 , 351.20 , 350.44 ,,,,
030110,030110军事法学,法学,03,0301,01,321,44,66,311,41,62,学硕, 361.75 ,,,,,,,
030200,030200政治学,法学,03,0302,02,321,44,66,311,41,62,学硕, 362.57 , 373.69 , 362.20 , 374.93 ,,,,
030201,030201政治学理论,法学,03,0302,02,321,44,66,311,41,62,学硕, 368.25 , 376.98 , 327.00 , 377.05 ,,,,
030202,030202中外政治制度,法学,03,0302,02,321,44,66,311,41,62,学硕, 361.83 , 374.81 , 340.67 , 386.00 ,,,,
030203,030203科学社会主义与国际共产主义运动,法学,03,0302,02,321,44,66,311,41,62,学硕, 355.28 , 374.16 ,,,,,,
030204,030204中共党史(含：党的学说与党的建设),法学,03,0302,02,321,44,66,311,41,62,学硕, 352.54 , 374.59 , 356.33 ,,,,,
030206,030206国际政治,法学,03,0302,02,321,44,66,311,41,62,学硕, 363.79 , 379.98 , 365.00 , 366.33 ,,,,
030207,030207国际关系,法学,03,0302,02,321,44,66,311,41,62,学硕, 379.77 , 372.79 , 360.00 ,,,,,
030208,030208外交学,法学,03,0302,02,321,44,66,311,41,62,学硕, 389.57 , 386.58 ,,,,,,
030300,030300社会学,法学,03,0303,03,321,44,66,311,41,62,学硕, 362.98 , 373.30 , 350.94 , 367.73 ,,,,
030301,030301社会学,法学,03,0303,03,321,44,66,311,41,62,学硕,, 379.67 , 344.44 , 340.33 ,,,,
030302,030302人口学,法学,03,0303,03,321,44,66,311,41,62,学硕, 341.12 , 385.18 , 318.00 ,,,,,
030303,030303人类学,法学,03,0303,03,321,44,66,311,41,62,学硕, 360.00 , 372.19 , 335.00 , 339.75 ,,,,
030304,030304民俗学(含：中国民间文学),法学,03,0303,03,321,44,66,311,41,62,学硕, 356.27 , 373.36 , 341.00 , 350.20 ,,,,
030400,030400民族学,法学,03,0304,04,321,44,66,311,41,62,学硕, 339.07 , 353.26 , 346.76 , 351.66 ,,,,
030401,030401民族学,法学,03,0304,04,321,44,66,311,41,62,学硕, 350.17 , 351.00 , 339.21 , 331.61 ,,,,
030402,030402马克思主义民族理论与政策,法学,03,0304,04,321,44,66,311,41,62,学硕, 353.75 , 344.00 , 347.62 , 332.42 ,,,,
030403,030403中国少数民族经济,法学,03,0304,04,321,44,66,311,41,62,学硕, 359.33 , 331.05 , 348.18 , 308.61 ,,,,
030404,030404中国少数民族史,法学,03,0304,04,321,44,66,311,41,62,学硕, 347.65 , 342.88 , 339.32 , 344.84 ,,,,
030405,030405中国少数民族艺术,法学,03,0304,04,321,44,66,311,41,62,学硕, 327.75 ,, 346.20 , 323.56 ,,,,
030500,030500马克思主义理论,法学,03,0305,05,321,44,66,311,41,62,学硕, 357.64 , 369.97 , 332.29 , 356.71 , 339.66 , 345.35 , 366.00 , 368.40 
030501,030501马克思主义基本原理,法学,03,0305,05,321,44,66,311,41,62,学硕, 365.92 , 370.93 , 371.50 , 350.82 , 348.22 , 359.75 ,,
030502,030502马克思主义发展史,法学,03,0305,05,321,44,66,311,41,62,学硕, 368.74 , 375.97 , 378.00 , 350.13 ,,,,
030503,030503马克思主义中国化研究,法学,03,0305,05,321,44,66,311,41,62,学硕, 364.31 , 372.70 , 365.85 , 354.68 , 346.94 , 355.50 ,,
030504,030504国外马克思主义研究,法学,03,0305,05,321,44,66,311,41,62,学硕, 368.25 , 373.75 , 360.00 ,,,,,
030505,030505思想政治教育,法学,03,0305,05,321,44,66,311,41,62,学硕, 363.80 , 370.24 , 371.92 , 354.48 , 356.14 , 349.00 , 351.00 , 306.50 
030506,030506中国近现代史基本问题研究,法学,03,0305,05,321,44,66,311,41,62,学硕, 365.30 , 366.88 , 345.00 , 341.21 ,,, 369.50 , 339.00 
030600,030600公安学,法学,03,0306,06,321,44,66,311,41,62,学硕, 405.03 , 383.65 ,,,,,,
030601,030601公安学基础理论,法学,03,0306,06,321,44,66,311,41,62,学硕,,,,,,,,
030602,030602公安管理学,法学,03,0306,06,321,44,66,311,41,62,学硕,,,,,,,,
030603,030603治安学,法学,03,0306,06,321,44,66,311,41,62,学硕,,,,,,,,
030604,030604侦查学,法学,03,0306,06,321,44,66,311,41,62,学硕,,,,,,,,
030605,030605犯罪学,法学,03,0306,06,321,44,66,311,41,62,学硕,,,,,,,,
030606,030606公安情报学,法学,03,0306,06,321,44,66,311,41,62,学硕,,,,,,,,
030607,030607国内安全保卫学,法学,03,0306,06,321,44,66,311,41,62,学硕,,,,,,,,
030608,030608边防管理学,法学,03,0306,06,321,44,66,311,41,62,学硕,,,,,,,,
030609,030609涉外警务学,法学,03,0306,06,321,44,66,311,41,62,学硕,,,,,,,,
030610,030610警务指挥与战术,法学,03,0306,06,321,44,66,311,41,62,学硕,,,,,,,,
030611,030611警卫学,法学,03,0306,06,321,44,66,311,41,62,学硕,,,,,,,,
040100,040100教育学,教育学,04,0401,01,337,47,141,327,44,132,学硕, 349.59 , 351.92 , 348.41 , 342.69 ,,,,
040101,040101教育学原理,教育学,04,0401,01,337,47,141,327,44,132,学硕, 354.08 , 367.55 , 338.29 , 337.26 ,,,,
040102,040102课程与教学论,教育学,04,0401,01,337,47,141,327,44,132,学硕, 350.02 , 362.10 , 335.52 , 332.78 ,, 358.00 ,,
040103,040103教育史,教育学,04,0401,01,337,47,141,327,44,132,学硕, 355.46 , 360.24 , 335.33 , 335.00 ,,,,
040104,040104比较教育学,教育学,04,0401,01,337,47,141,327,44,132,学硕, 352.89 , 359.70 , 332.63 , 361.00 ,,,,
040105,040105学前教育学,教育学,04,0401,01,337,47,141,327,44,132,学硕, 357.62 , 366.78 , 343.15 , 340.96 , 351.00 , 351.11 , 335.60 , 293.40 
040106,040106高等教育学,教育学,04,0401,01,337,47,141,327,44,132,学硕, 355.06 , 363.03 , 348.83 , 338.81 ,,,,
040107,040107成人教育学,教育学,04,0401,01,337,47,141,327,44,132,学硕, 344.08 , 347.54 ,,,,,,
040108,040108职业技术教育学,教育学,04,0401,01,337,47,141,327,44,132,学硕, 346.12 , 355.25 , 336.00 , 356.33 ,,,,
040109,040109特殊教育学,教育学,04,0401,01,337,47,141,327,44,132,学硕,, 345.92 ,,,,,,
040110,040110教育技术学(可授教育学、理学学位),教育学,04,0401,01,337,47,141,327,44,132,学硕, 344.68 , 350.22 , 336.00 , 318.50 ,,,,
040200,040200心理学,教育学,04,0402,02,337,47,141,327,44,132,学硕, 343.37 , 350.23 , 351.23 , 348.71 ,,,,
040201,040201基础心理学(可授教育学、理学学位),教育学,04,0402,02,337,47,141,327,44,132,学硕, 360.67 , 368.20 , 346.50 , 337.33 ,,,,
040202,040202发展与教育心理学,教育学,04,0402,02,337,47,141,327,44,132,学硕, 362.86 , 365.79 , 347.56 , 336.72 ,,,,
040203,040203应用心理学,教育学,04,0402,02,337,47,141,327,44,132,学硕, 334.74 , 363.56 , 352.33 , 332.50 ,,,,
040300,040300体育学,教育学,04,0403,03,281,35,105,271,32,96,学硕, 344.22 , 343.53 , 333.56 , 303.46 ,,,,
040301,040301体育人文社会学,教育学,04,0403,03,281,35,105,271,32,96,学硕, 357.24 , 278.94 , 336.86 , 306.71 ,,,,
040302,040302运动人体科学(可授教育学、理学、医学学位),教育学,04,0403,03,281,35,105,271,32,96,学硕, 371.45 , 313.05 ,, 323.00 ,,,,
040303,040303体育教育训练学,教育学,04,0403,03,281,35,105,271,32,96,学硕, 343.24 , 274.43 , 328.25 , 305.41 ,,,,
040304,040304民族传统体育学,教育学,04,0403,03,281,35,105,271,32,96,学硕, 320.50 , 274.96 , 326.00 , 277.00 ,,,,
050100,050100中国语言文学,文学,05,0501,01,355,53,80,345,50,75,学硕, 369.75 , 381.28 , 368.27 , 357.42 ,,,,
050101,050101文艺学,文学,05,0501,01,355,53,80,345,50,75,学硕, 363.97 , 378.98 , 362.11 , 353.48 ,,,,
050102,050102语言学及应用语言学,文学,05,0501,01,355,53,80,345,50,75,学硕, 370.12 , 373.05 , 364.68 , 351.90 ,,,,
050103,050103汉语言文字学,文学,05,0501,01,355,53,80,345,50,75,学硕, 368.27 , 374.77 , 363.40 , 380.00 ,,,,
050104,050104中国古典文献学,文学,05,0501,01,355,53,80,345,50,75,学硕, 365.46 , 377.12 , 365.31 , 356.77 ,,,,
050105,050105中国古代文学,文学,05,0501,01,355,53,80,345,50,75,学硕, 367.96 , 369.91 , 366.92 , 350.86 ,,,,
050106,050106中国现当代文学,文学,05,0501,01,355,53,80,345,50,75,学硕, 370.45 , 368.11 , 368.57 , 359.32 ,, 397.90 ,,
050107,050107中国少数民族语言文学(分语族),文学,05,0501,01,355,53,80,345,50,75,学硕, 370.22 , 387.78 , 354.57 , 340.84 ,,,,
050108,050108比较文学与世界文学,文学,05,0501,01,355,53,80,345,50,75,学硕, 371.16 , 383.49 , 356.14 , 350.63 ,,,,
050200,050200外国语言文学,文学,05,0502,02,355,53,80,345,50,75,学硕, 364.38 , 385.81 , 365.71 , 377.77 ,,,,
050201,050201英语语言文学,文学,05,0502,02,355,53,80,345,50,75,学硕, 378.52 , 384.19 , 317.39 , 369.36 ,,,,
050202,050202俄语语言文学,文学,05,0502,02,355,53,80,345,50,75,学硕, 369.35 , 390.14 , 369.17 , 386.50 ,,,,
050203,050203法语语言文学,文学,05,0502,02,355,53,80,345,50,75,学硕, 397.15 , 379.42 ,,,,,,
050204,050204德语语言文学,文学,05,0502,02,355,53,80,345,50,75,学硕, 394.36 , 390.17 ,,,,,,
050205,050205日语语言文学,文学,05,0502,02,355,53,80,345,50,75,学硕, 376.06 , 390.57 , 371.40 , 363.40 ,,,,
050206,050206印度语言文学,文学,05,0502,02,355,53,80,345,50,75,学硕,, 405.00 ,,,,,,
050207,050207西班牙语语言文学,文学,05,0502,02,355,53,80,345,50,75,学硕, 356.63 , 389.50 ,,,,,,
050208,050208阿拉伯语语言文学,文学,05,0502,02,355,53,80,345,50,75,学硕, 385.60 , 400.56 ,, 324.00 ,,,,
050209,050209欧洲语言文学,文学,05,0502,02,355,53,80,345,50,75,学硕, 383.80 , 383.25 ,,,,,,
050210,050210亚非语言文学,文学,05,0502,02,355,53,80,345,50,75,学硕, 385.13 , 383.79 ,,,,,,
050211,050211外国语言学及应用语言学,文学,05,0502,02,355,53,80,345,50,75,学硕, 376.59 , 382.30 , 375.52 , 361.16 ,,,,
050300,050300新闻传播学,文学,05,0503,03,355,53,80,345,50,75,学硕, 347.99 , 373.94 , 373.23 , 350.65 ,,,,
050301,050301新闻学,文学,05,0503,03,355,53,80,345,50,75,学硕, 380.33 , 383.36 ,,,,,,
050302,050302传播学,文学,05,0503,03,355,53,80,345,50,75,学硕, 379.67 , 383.68 ,,,,,,
060100,060100考古学,历史学,06,0601,01,321,43,129,311,40,120,学硕, 351.91 , 376.52 , 326.67 , 386.33 ,,,,
060101,060101考古学史和考古学理论,历史学,06,0601,01,321,43,129,311,40,120,学硕,,,,,,,,
060102,060102史前考古,历史学,06,0601,01,321,43,129,311,40,120,学硕,,,,,,,,
060103,060103夏商周考古,历史学,06,0601,01,321,43,129,311,40,120,学硕,,,,,,,,
060104,060104秦汉魏晋南北朝考古,历史学,06,0601,01,321,43,129,311,40,120,学硕,,,,,,,,
060105,060105唐宋元明清考古,历史学,06,0601,01,321,43,129,311,40,120,学硕,,,,,,,,
060106,060106科技考古,历史学,06,0601,01,321,43,129,311,40,120,学硕,,,,,,,,
060107,060107文化遗产与博物馆,历史学,06,0601,01,321,43,129,311,40,120,学硕, 378.80 ,,,,,,,
060108,060108古代文字与铭刻,历史学,06,0601,01,321,43,129,311,40,120,学硕,,,,,,,,
060109,060109专门考古,历史学,06,0601,01,321,43,129,311,40,120,学硕,,,,,,,,
060200,060200中国史,历史学,06,0602,02,321,43,129,311,40,120,学硕, 345.04 , 358.96 , 339.43 , 323.10 ,, 385.00 ,,
060201,060201历史地理学,历史学,06,0602,02,321,43,129,311,40,120,学硕,,,,,,,,
060202,060202历史文献学,历史学,06,0602,02,321,43,129,311,40,120,学硕, 343.75 , 340.50 ,,,,,,
060203,060203史学理论及中国史学史,历史学,06,0602,02,321,43,129,311,40,120,学硕,,,,,,,,
060204,060204中国古代史,历史学,06,0602,02,321,43,129,311,40,120,学硕, 369.00 , 366.38 , 323.22 , 343.00 ,,,,
060205,060205中国近代史,历史学,06,0602,02,321,43,129,311,40,120,学硕,, 335.20 ,,,,,,
060206,060206中国现代史,历史学,06,0602,02,321,43,129,311,40,120,学硕, 372.67 , 361.00 ,,,,,,
060207,060207专门史,历史学,06,0602,02,321,43,129,311,40,120,学硕, 336.00 , 363.00 ,,,,,,
060300,060300世界史,历史学,06,0603,03,321,43,129,311,40,120,学硕, 341.46 , 359.70 , 321.71 , 354.31 ,,,,
060301,060301世界史学理论与史学史,历史学,06,0603,03,321,43,129,311,40,120,学硕,,,,,,,,
060302,060302世界古代中古史,历史学,06,0603,03,321,43,129,311,40,120,学硕,,,,,,,,
060303,060303世界近现代史,历史学,06,0603,03,321,43,129,311,40,120,学硕,,,,,,,,
060304,060304世界地区国别史,历史学,06,0603,03,321,43,129,311,40,120,学硕,,,,,,,,
060305,060305专门史与整体史,历史学,06,0603,03,321,43,129,311,40,120,学硕,,,,,,,,
070100,070100数学,理学,07,0701,01,280,37,56,270,34,51,学硕, 323.52 , 342.05 , 292.27 , 319.17 , 353.00 , 343.50 ,,
070101,070101基础数学,理学,07,0701,01,280,37,56,270,34,51,学硕, 320.10 , 346.73 , 303.73 , 311.23 ,,,,
070102,070102计算数学,理学,07,0701,01,280,37,56,270,34,51,学硕, 315.72 , 338.20 , 304.31 , 311.85 ,,,,
070103,070103概率论与数理统计,理学,07,0701,01,280,37,56,270,34,51,学硕, 328.90 , 341.78 , 314.50 , 318.10 ,,,,
070104,070104应用数学,理学,07,0701,01,280,37,56,270,34,51,学硕, 318.64 , 338.27 , 297.85 , 321.40 ,,,,
070105,070105运筹学与控制论,理学,07,0701,01,280,37,56,270,34,51,学硕, 310.45 , 343.14 , 279.50 , 300.14 ,,,,
070200,070200物理学,理学,07,0702,02,280,37,56,270,34,51,学硕, 324.31 , 350.78 , 282.26 , 341.80 , 324.00 , 299.00 ,,
070201,070201理论物理,理学,07,0702,02,280,37,56,270,34,51,学硕, 320.74 , 357.59 , 308.93 , 328.66 ,,,,
070202,070202粒子物理与原子核物理,理学,07,0702,02,280,37,56,270,34,51,学硕, 331.17 , 343.26 , 336.00 , 332.00 ,,,,
070203,070203原子与分子物理,理学,07,0702,02,280,37,56,270,34,51,学硕, 328.36 , 348.36 , 317.54 , 353.62 ,,,,
070204,070204等离子体物理,理学,07,0702,02,280,37,56,270,34,51,学硕,,, 310.33 , 341.25 ,,,,
070205,070205凝聚态物理,理学,07,0702,02,280,37,56,270,34,51,学硕, 320.90 , 359.09 , 289.18 , 351.81 ,,,,
070206,070206声学,理学,07,0702,02,280,37,56,270,34,51,学硕, 322.41 , 365.75 ,,,,,,
070207,070207光学,理学,07,0702,02,280,37,56,270,34,51,学硕, 328.26 , 353.38 , 295.39 , 319.32 ,,,,
070208,070208无线电物理,理学,07,0702,02,280,37,56,270,34,51,学硕, 329.67 , 341.16 , 292.73 , 320.85 ,,,,
070300,070300化学,理学,07,0703,03,280,37,56,270,34,51,学硕, 287.17 , 344.54 , 316.02 , 322.97 ,, 316.25 , 310.25 , 297.50 
070301,070301无机化学,理学,07,0703,03,280,37,56,270,34,51,学硕, 317.07 , 351.23 , 292.86 , 322.11 ,,,,
070302,070302分析化学,理学,07,0703,03,280,37,56,270,34,51,学硕, 314.14 , 336.74 , 292.40 , 328.69 ,,,,
070303,070303有机化学,理学,07,0703,03,280,37,56,270,34,51,学硕, 321.13 , 345.06 , 303.85 , 330.83 ,,,,
070304,070304物理化学(含∶化学物理),理学,07,0703,03,280,37,56,270,34,51,学硕, 323.53 , 336.18 , 288.27 , 328.14 ,,,,
070305,070305高分子化学与物理,理学,07,0703,03,280,37,56,270,34,51,学硕, 318.40 , 347.24 ,, 327.81 ,,,,
070400,070400天文学,理学,07,0704,04,280,37,56,270,34,51,学硕, 318.82 , 350.48 ,,,,,,
070401,070401天体物理,理学,07,0704,04,280,37,56,270,34,51,学硕,, 319.50 ,,,,,,
070402,070402天体测量与天体力学,理学,07,0704,04,280,37,56,270,34,51,学硕, 305.91 ,,,,,,,
070500,070500地理学,理学,07,0705,05,280,37,56,270,34,51,学硕, 336.97 , 347.59 , 368.00 , 316.17 ,, 241.00 ,,
070501,070501自然地理学,理学,07,0705,05,280,37,56,270,34,51,学硕, 333.02 , 344.62 , 335.20 , 341.53 ,,,, 328.00 
070502,070502人文地理学,理学,07,0705,05,280,37,56,270,34,51,学硕, 345.31 , 352.50 , 328.94 , 343.01 ,,,, 300.50 
070503,070503地图学与地理信息系统,理学,07,0705,05,280,37,56,270,34,51,学硕, 341.23 , 351.39 , 363.60 , 330.94 ,,,, 290.00 
070600,070600大气科学,理学,07,0706,06,280,37,56,270,34,51,学硕, 350.33 , 364.76 , 346.50 , 355.40 ,, 378.50 ,,
070601,070601气象学,理学,07,0706,06,280,37,56,270,34,51,学硕, 315.17 , 369.86 ,,,,,,
070602,070602大气物理学与大气环境,理学,07,0706,06,280,37,56,270,34,51,学硕,, 349.20 ,,,,,,
070700,070700海洋科学,理学,07,0707,07,280,37,56,270,34,51,学硕, 326.39 , 355.21 , 302.39 , 328.56 ,,,,
070701,070701物理海洋学,理学,07,0707,07,280,37,56,270,34,51,学硕, 368.00 , 364.90 ,,,,,,
070702,070702海洋化学,理学,07,0707,07,280,37,56,270,34,51,学硕, 370.00 , 378.96 ,,,,,,
070703,070703海洋生物学,理学,07,0707,07,280,37,56,270,34,51,学硕, 306.31 , 348.79 ,, 322.08 ,,,,
070704,070704海洋地质,理学,07,0707,07,280,37,56,270,34,51,学硕,, 354.00 ,,,,,,
070800,070800地球物理学,理学,07,0708,08,280,37,56,270,34,51,学硕, 320.31 , 358.50 ,,,,,,
070801,070801固体地球物理学,理学,07,0708,08,280,37,56,270,34,51,学硕,, 374.00 ,,,,,,
070802,070802空间物理学,理学,07,0708,08,280,37,56,270,34,51,学硕,,,,,,,,
070900,070900地质学,理学,07,0709,09,280,37,56,270,34,51,学硕, 315.94 , 347.91 , 338.70 , 331.88 , 354.00 , 352.50 ,,
070901,070901矿物学、岩石学、矿床学,理学,07,0709,09,280,37,56,270,34,51,学硕, 323.97 , 345.01 , 338.57 , 314.63 , 306.40 , 325.07 ,,
070902,070902地球化学,理学,07,0709,09,280,37,56,270,34,51,学硕, 343.60 , 338.53 , 327.20 , 327.00 ,,,,
070903,070903古生物学与地层学(含：古人类学),理学,07,0709,09,280,37,56,270,34,51,学硕, 340.00 , 339.17 , 293.00 , 296.00 ,,,,
070904,070904构造地质学,理学,07,0709,09,280,37,56,270,34,51,学硕, 381.50 , 349.00 , 326.00 , 316.67 ,,,,
070905,070905第四纪地质学,理学,07,0709,09,280,37,56,270,34,51,学硕, 371.40 , 333.25 , 363.00 , 357.11 ,,,,
071000,071000生物学,理学,07,0710,10,280,37,56,270,34,51,学硕, 322.23 , 344.28 , 318.23 , 314.98 ,,,,
071001,071001植物学,理学,07,0710,10,280,37,56,270,34,51,学硕, 318.24 , 347.85 , 328.35 , 338.82 ,,, 274.00 ,
071002,071002动物学,理学,07,0710,10,280,37,56,270,34,51,学硕, 318.26 , 339.50 , 318.69 , 321.31 ,,,,
071003,071003生理学,理学,07,0710,10,280,37,56,270,34,51,学硕, 324.50 , 339.15 , 311.71 , 305.00 ,,,,
071004,071004水生生物学,理学,07,0710,10,280,37,56,270,34,51,学硕, 319.37 , 336.67 ,,,,,,
071005,071005微生物学,理学,07,0710,10,280,37,56,270,34,51,学硕, 325.65 , 353.39 , 325.38 , 324.87 ,,, 277.00 , 276.00 
071006,071006神经生物学,理学,07,0710,10,280,37,56,270,34,51,学硕, 320.19 , 347.64 , 304.87 , 318.50 ,,,,
071007,071007遗传学,理学,07,0710,10,280,37,56,270,34,51,学硕, 320.96 , 351.39 , 319.38 , 329.24 ,,,,
071008,071008发育生物学,理学,07,0710,10,280,37,56,270,34,51,学硕, 325.50 , 340.15 , 309.60 , 346.50 ,,,,
071009,071009细胞生物学,理学,07,0710,10,280,37,56,270,34,51,学硕, 323.52 , 339.21 , 329.64 , 332.18 ,,,,
071010,071010生物化学与分子生物学,理学,07,0710,10,280,37,56,270,34,51,学硕, 319.56 , 352.39 , 321.42 , 326.06 ,,,,
071011,071011生物物理学,理学,07,0710,10,280,37,56,270,34,51,学硕, 328.95 , 340.97 , 314.00 , 368.50 ,,,,
071100,071100系统科学,理学,07,0711,11,280,37,56,270,34,51,学硕, 321.24 , 343.51 , 293.75 , 322.50 ,,,,
071101,071101系统理论,理学,07,0711,11,280,37,56,270,34,51,学硕, 358.00 , 310.00 , 298.57 , 272.50 ,,,,
071102,071102系统分析与集成,理学,07,0711,11,280,37,56,270,34,51,学硕,, 361.00 , 291.60 , 317.00 ,,,,
071200,071200科学技术史(分学科，可授理学、工学、农学、医学学位),理学,07,0712,12,280,37,56,270,34,51,学硕, 337.14 , 354.90 , 321.43 , 313.67 ,,,,
071300,071300生态学,理学,07,0713,13,280,37,56,270,34,51,学硕, 323.94 , 332.97 , 327.99 , 331.30 ,,, 303.25 , 328.00 
071301,071301动物生态学,理学,07,0713,13,280,37,56,270,34,51,学硕, 319.90 , 308.80 , 280.60 , 291.00 ,,,,
071302,071302植物生态学,理学,07,0713,13,280,37,56,270,34,51,学硕, 299.00 , 348.00 ,,,,,,
071303,071303微生物生态学,理学,07,0713,13,280,37,56,270,34,51,学硕,,,,,,,,
071304,071304生态系统生态学,理学,07,0713,13,280,37,56,270,34,51,学硕,,,,,,,,
071305,071305景观生态学,理学,07,0713,13,280,37,56,270,34,51,学硕,,,,,,,,
071306,071306修复生态学,理学,07,0713,13,280,37,56,270,34,51,学硕, 324.00 , 337.25 ,,,,,,
071307,071307可持续生态学,理学,07,0713,13,280,37,56,270,34,51,学硕,,,,,,,,
071400,071400统计学(可授理学、经济学学位),理学,07,0714,14,280,37,56,270,34,51,学硕, 333.52 , 350.84 , 307.10 , 328.18 ,,,,
071401,071401数理统计,理学,07,0714,14,280,37,56,270,34,51,学硕,,,,,,,,
071402,071402应用统计,理学,07,0714,14,280,37,56,270,34,51,学硕,,,,,,,,
071403,071403社会经济统计,理学,07,0714,14,280,37,56,270,34,51,学硕,,,,,,,,
071404,071404金融统计与风险管理和精算,理学,07,0714,14,280,37,56,270,34,51,学硕,,,,,,,,
080100,080100力学(可授工学、理学学位),工学,08,0801,01,253,34,51,243,31,47,学硕, 314.78 , 329.77 , 296.56 , 305.62 ,,,,
080101,080101一般力学与力学基础,工学,08,0801,01,253,34,51,243,31,47,学硕, 319.83 , 308.00 , 267.00 ,,,,,
080102,080102固体力学,工学,08,0801,01,253,34,51,243,31,47,学硕, 274.00 , 315.42 , 302.60 ,,,,,
080103,080103流体力学,工学,08,0801,01,253,34,51,243,31,47,学硕, 304.46 , 297.88 , 295.25 ,,,,,
080104,080104工程力学,工学,08,0801,01,253,34,51,243,31,47,学硕, 289.73 , 301.51 , 293.09 , 280.25 ,, 136.00 ,,
080200,080200机械工程,工学,08,0802,02,263,37,56,253,34,51,学硕, 303.45 , 326.52 , 290.14 , 306.29 ,,,,
080201,080201机械制造及其自动化,工学,08,0802,02,263,37,56,253,34,51,学硕, 299.57 , 324.86 , 297.97 , 308.32 ,,,,
080202,080202机械电子工程,工学,08,0802,02,263,37,56,253,34,51,学硕, 296.10 , 337.83 , 281.40 , 296.48 ,,,,
080203,080203机械设计及理论,工学,08,0802,02,263,37,56,253,34,51,学硕, 305.33 , 313.27 , 303.15 , 282.00 ,,,,
080204,080204车辆工程,工学,08,0802,02,263,37,56,253,34,51,学硕, 302.44 , 343.73 , 279.00 , 320.10 ,,,,
080300,080300光学工程,工学,08,0803,03,263,37,56,253,34,51,学硕, 291.03 , 329.86 , 289.29 , 278.00 ,,,,
080400,080400仪器科学与技术,工学,08,0804,04,263,37,56,253,34,51,学硕, 305.09 , 333.76 , 228.75 , 285.50 , 280.00 ,,,
080401,080401精密仪器及机械,工学,08,0804,04,263,37,56,253,34,51,学硕, 290.00 , 317.78 ,,,,,,
080402,080402测试计量技术及仪器,工学,08,0804,04,263,37,56,253,34,51,学硕, 306.48 , 326.55 ,,,,,,
080500,080500材料科学与工程,工学,08,0805,05,263,37,56,253,34,51,学硕, 302.41 , 338.74 , 253.50 , 307.48 , 285.00 ,,,
080501,080501材料物理与化学,工学,08,0805,05,263,37,56,253,34,51,学硕, 310.21 , 340.71 , 306.58 , 287.60 ,,,,
080502,080502材料学,工学,08,0805,05,263,37,56,253,34,51,学硕, 305.82 , 337.02 , 314.92 , 298.76 ,,,,
080503,080503材料加工工程,工学,08,0805,05,263,37,56,253,34,51,学硕, 314.43 , 335.51 , 292.73 , 298.00 ,,,,
080600,080600冶金工程,工学,08,0806,06,253,34,51,243,31,47,学硕, 290.64 , 314.38 , 269.29 , 271.00 ,,,,
080601,080601冶金物理化学,工学,08,0806,06,253,34,51,243,31,47,学硕,,, 287.80 ,,,,,
080602,080602钢铁冶金,工学,08,0806,06,253,34,51,243,31,47,学硕,,, 265.60 ,,,,,
080603,080603有色金属冶金,工学,08,0806,06,253,34,51,243,31,47,学硕, 302.50 , 335.00 , 278.16 , 273.47 ,,,,
080700,080700动力工程及工程热物理,工学,08,0807,07,253,34,51,243,31,47,学硕, 313.14 , 330.67 , 279.69 , 280.73 ,,,,
080701,080701工程热物理,工学,08,0807,07,253,34,51,243,31,47,学硕, 335.33 , 323.50 , 262.75 , 263.00 ,,,,
080702,080702热能工程,工学,08,0807,07,253,34,51,243,31,47,学硕, 308.83 , 341.10 , 290.50 , 301.00 ,,,,
080703,080703动力机械及工程,工学,08,0807,07,253,34,51,243,31,47,学硕, 287.50 , 349.11 , 276.00 , 289.00 ,,,,
080704,080704流体机械及工程,工学,08,0807,07,253,34,51,243,31,47,学硕, 286.56 , 316.00 , 265.00 , 304.00 ,,,,
080705,080705制冷及低温工程,工学,08,0807,07,253,34,51,243,31,47,学硕, 311.40 , 323.13 , 279.83 , 340.00 ,,,,
080706,080706化工过程机械,工学,08,0807,07,253,34,51,243,31,47,学硕, 312.37 , 309.94 , 274.45 ,,,,,
080800,080800电气工程,工学,08,0808,08,263,37,56,253,34,51,学硕, 327.14 , 317.57 , 311.65 , 306.04 , 287.00 ,,,
080801,080801电机与电器,工学,08,0808,08,263,37,56,253,34,51,学硕, 328.42 , 313.26 ,,,,,,
080802,080802电力系统及其自动化,工学,08,0808,08,263,37,56,253,34,51,学硕, 301.00 , 318.05 , 313.00 , 280.43 ,,,,
080803,080803高电压与绝缘技,工学,08,0808,08,263,37,56,253,34,51,学硕,, 340.75 , 311.00 ,,,,,
080804,080804电力电子与电力传动,工学,08,0808,08,263,37,56,253,34,51,学硕, 304.42 , 326.72 , 284.57 , 282.00 ,,,,
080805,080805电工理论与新技术,工学,08,0808,08,263,37,56,253,34,51,学硕, 284.00 , 332.00 ,,,,,,
080900,080900电子科学与技术(可授工学、理学学位),工学,08,0809,09,263,37,56,253,34,51,学硕, 321.85 , 342.27 , 256.85 , 297.21 ,,,,
080901,080901物理电子学,工学,08,0809,09,263,37,56,253,34,51,学硕, 309.15 , 334.04 , 312.80 , 298.25 ,,,,
080902,080902电路与系统,工学,08,0809,09,263,37,56,253,34,51,学硕, 293.54 , 336.02 , 274.06 ,,,,,
080903,080903微电子学与固体电子学,工学,08,0809,09,263,37,56,253,34,51,学硕, 317.96 , 335.09 , 293.50 ,,,,,
080904,080904电磁场与微波技术,工学,08,0809,09,263,37,56,253,34,51,学硕, 315.10 , 328.55 , 262.00 ,,,,,
081000,081000信息与通信工程,工学,08,0810,10,263,37,56,253,34,51,学硕, 308.86 , 343.64 , 286.09 , 298.02 ,, 383.00 ,,
081001,081001通信与信息系统,工学,08,0810,10,263,37,56,253,34,51,学硕, 315.70 , 335.49 , 287.25 , 290.77 ,,,,
081002,081002信号与信息处理,工学,08,0810,10,263,37,56,253,34,51,学硕, 315.13 , 340.49 , 286.07 , 284.00 ,,,,
081100,081100控制科学与工程,工学,08,0811,11,263,37,56,253,34,51,学硕, 304.28 , 334.61 , 287.81 , 296.79 , 319.00 ,,,
081101,081101控制理论与控制工程,工学,08,0811,11,263,37,56,253,34,51,学硕, 290.17 , 320.38 ,, 309.52 ,,,,
081102,081102检测技术与自动化装置,工学,08,0811,11,263,37,56,253,34,51,学硕, 287.98 , 321.17 , 298.33 , 307.00 ,,,,
081103,081103系统工程,工学,08,0811,11,263,37,56,253,34,51,学硕, 285.91 , 328.25 , 270.00 ,,,,,
081104,081104模式识别与智能系统,工学,08,0811,11,263,37,56,253,34,51,学硕, 308.53 , 322.05 , 304.00 , 300.00 ,,,,
081105,081105导航、制导与控制,工学,08,0811,11,263,37,56,253,34,51,学硕, 289.00 , 307.00 , 286.67 ,,,,,
081200,081200计算机科学与技术(可授工学、理学学位),工学,08,0812,12,263,37,56,253,34,51,学硕, 330.56 , 338.04 , 311.44 , 303.56 ,, 334.00 ,,
081201,081201计算机系统结构,工学,08,0812,12,263,37,56,253,34,51,学硕, 296.00 , 331.71 , 280.94 ,,,,,
081202,081202计算机软件与理论,工学,08,0812,12,263,37,56,253,34,51,学硕, 293.70 , 326.55 , 301.42 , 286.00 ,,,,
081203,081203计算机应用技术,工学,08,0812,12,263,37,56,253,34,51,学硕, 300.04 , 341.97 , 303.24 , 297.14 ,,,,
081300,081300建筑学,工学,08,0813,13,263,37,56,253,34,51,学硕, 337.26 , 340.65 , 325.27 , 310.26 ,,,,
081301,081301建筑历史与理论,工学,08,0813,13,263,37,56,253,34,51,学硕,, 348.00 , 333.75 , 279.67 ,,,,
081302,081302建筑设计及其理论,工学,08,0813,13,263,37,56,253,34,51,学硕,, 346.00 ,,,,,,
081303,081303城市规划与设计(含：风景园林规划与设计),工学,08,0813,13,263,37,56,253,34,51,学硕,,,,,,,,
081304,081304建筑技术科学,工学,08,0813,13,263,37,56,253,34,51,学硕,, 366.17 , 351.00 , 267.00 ,,,,
081400,081400土木工程,工学,08,0814,14,263,37,56,253,34,51,学硕, 309.70 , 328.48 , 297.00 , 299.19 ,,,,
081401,081401岩土工程,工学,08,0814,14,263,37,56,253,34,51,学硕, 329.28 , 342.13 , 286.31 , 283.67 ,,,,
081402,081402结构工程,工学,08,0814,14,263,37,56,253,34,51,学硕, 311.29 , 331.39 , 288.63 , 296.14 ,,,,
081403,081403市政工程,工学,08,0814,14,263,37,56,253,34,51,学硕, 307.34 , 331.06 , 355.00 , 287.72 ,,,,
081404,081404供热、供燃气、通风及空调工程,工学,08,0814,14,263,37,56,253,34,51,学硕, 308.49 , 329.93 ,, 291.29 ,,,,
081405,081405防灾减灾工程及防护工程,工学,08,0814,14,263,37,56,253,34,51,学硕, 312.68 , 321.83 , 281.00 , 267.00 ,,,,
081406,081406桥梁与隧道工程,工学,08,0814,14,263,37,56,253,34,51,学硕, 312.00 , 327.10 , 268.79 , 287.16 ,,,,
081500,081500水利工程,工学,08,0815,15,253,34,51,243,31,47,学硕, 289.92 , 324.11 , 288.24 , 293.60 ,,,,
081501,081501水文学及水资源,工学,08,0815,15,253,34,51,243,31,47,学硕, 299.22 , 339.91 , 279.67 ,,,,,
081502,081502水力学及河流动力学,工学,08,0815,15,253,34,51,243,31,47,学硕, 290.07 , 337.41 , 301.00 , 329.00 ,,,,
081503,081503水工结构工程,工学,08,0815,15,253,34,51,243,31,47,学硕, 315.91 , 328.96 , 274.00 , 255.00 ,,,,
081504,081504水利水电工程,工学,08,0815,15,253,34,51,243,31,47,学硕, 304.89 , 330.00 , 302.40 , 293.54 ,,,,
081505,081505港口、海岸及近海工程,工学,08,0815,15,253,34,51,243,31,47,学硕, 295.14 , 343.22 ,,,,,,
081600,081600测绘科学与技术,工学,08,0816,16,263,37,56,253,34,51,学硕, 287.71 , 330.75 , 293.74 , 297.17 ,,,,
081601,081601大地测量学与测量工程,工学,08,0816,16,263,37,56,253,34,51,学硕, 244.59 , 308.74 , 297.00 , 284.00 ,,,,
081602,081602摄影测量与遥感,工学,08,0816,16,263,37,56,253,34,51,学硕, 305.87 , 333.90 , 298.50 , 308.60 ,,,,
081603,081603地图制图学与地理信息工程,工学,08,0816,16,263,37,56,253,34,51,学硕, 312.43 , 332.57 , 293.00 , 296.33 ,,,,
081700,081700化学工程与技术,工学,08,0817,17,263,37,56,253,34,51,学硕, 291.97 , 331.68 , 290.87 , 306.80 ,, 277.00 ,,
081701,081701化学工程,工学,08,0817,17,263,37,56,253,34,51,学硕, 295.56 , 313.80 , 290.80 , 283.00 ,,,,
081702,081702化学工艺,工学,08,0817,17,263,37,56,253,34,51,学硕, 296.77 , 341.14 , 287.83 , 286.33 ,,,,
081703,081703生物化工,工学,08,0817,17,263,37,56,253,34,51,学硕, 291.67 , 323.43 , 328.00 ,,,,,
081704,081704应用化学,工学,08,0817,17,263,37,56,253,34,51,学硕, 298.35 , 328.11 , 303.82 , 275.11 ,,,,
081705,081705工业催化,工学,08,0817,17,263,37,56,253,34,51,学硕, 307.27 , 323.00 , 283.00 ,,,,,
081800,081800地质资源与地质工程,工学,08,0818,18,253,34,51,243,31,47,学硕, 289.30 , 329.32 , 282.10 , 287.21 ,, 281.50 ,,
081801,081801矿产普查与勘探,工学,08,0818,18,253,34,51,243,31,47,学硕, 301.00 , 343.10 , 290.86 , 304.00 ,,,,
081802,081802地球探测与信息技术,工学,08,0818,18,253,34,51,243,31,47,学硕, 337.00 , 359.87 , 312.50 ,,,,,
081803,081803地质工程,工学,08,0818,18,253,34,51,243,31,47,学硕, 302.25 , 342.97 , 286.75 , 296.50 ,,,,
081900,081900矿业工程,工学,08,0819,19,263,37,56,253,34,51,学硕, 283.54 , 323.71 , 280.50 , 303.35 ,,,,
081901,081901采矿工程,工学,08,0819,19,263,37,56,253,34,51,学硕, 287.00 , 336.29 , 304.00 , 274.00 ,,,,
081902,081902矿物加工工程,工学,08,0819,19,263,37,56,253,34,51,学硕, 296.91 , 327.18 , 290.00 , 294.95 ,,,,
081903,081903安全技术及工程,工学,08,0819,19,263,37,56,253,34,51,学硕, 289.00 ,, 271.00 , 295.50 ,,,,
082000,082000石油与天然气工程,工学,08,0820,20,263,37,56,253,34,51,学硕, 292.75 , 324.41 ,,,, 280.33 ,,
082001,082001油气井工程,工学,08,0820,20,263,37,56,253,34,51,学硕,,,,,,,,
082002,082002油气田开发工程,工学,08,0820,20,263,37,56,253,34,51,学硕,,,,,,,,
082003,082003油气储运工程,工学,08,0820,20,263,37,56,253,34,51,学硕,,,,,,,,
082100,082100纺织科学与工程,工学,08,0821,21,263,37,56,253,34,51,学硕, 296.27 , 327.78 , 282.64 ,,,,,
082101,082101纺织工程,工学,08,0821,21,263,37,56,253,34,51,学硕, 313.75 , 367.72 ,,,,,,
082102,082102纺织材料与纺织品设计,工学,08,0821,21,263,37,56,253,34,51,学硕, 322.00 , 365.61 ,,,,,,
082103,082103纺织化学与染整工程,工学,08,0821,21,263,37,56,253,34,51,学硕, 286.84 , 336.67 ,,,,,,
082104,082104服装设计与工程,工学,08,0821,21,263,37,56,253,34,51,学硕, 311.60 , 343.28 ,,,,,,
082200,082200轻工技术与工程,工学,08,0822,22,263,37,56,253,34,51,学硕, 301.44 , 330.61 , 299.28 , 305.65 ,,,,
082201,082201制浆造纸工程,工学,08,0822,22,263,37,56,253,34,51,学硕, 340.50 , 342.60 ,,,,,,
082202,082202制糖工程,工学,08,0822,22,263,37,56,253,34,51,学硕,, 331.63 ,,,,,,
082203,082203发酵工程,工学,08,0822,22,263,37,56,253,34,51,学硕,, 352.93 ,,,,,,
082204,082204皮革化学与工程,工学,08,0822,22,263,37,56,253,34,51,学硕,,,,,,,,
082300,082300交通运输工程,工学,08,0823,23,263,37,56,253,34,51,学硕, 310.65 , 334.17 , 283.79 , 276.33 ,,,,
082301,082301道路与铁道工程,工学,08,0823,23,263,37,56,253,34,51,学硕, 305.91 , 328.25 , 286.33 , 283.88 ,,,,
082302,082302交通信息工程及控制,工学,08,0823,23,263,37,56,253,34,51,学硕, 310.83 , 326.11 , 311.90 , 322.29 ,,,,
082303,082303交通运输规划与管理,工学,08,0823,23,263,37,56,253,34,51,学硕, 336.78 , 332.17 , 301.09 , 306.59 ,,,,
082304,082304载运工具运用工程,工学,08,0823,23,263,37,56,253,34,51,学硕, 305.08 , 337.44 , 281.83 ,,,,,
082400,082400船舶与海洋工程,工学,08,0824,24,263,37,56,253,34,51,学硕, 302.37 , 321.01 , 245.61 ,,,,,
082401,082401船舶与海洋结构物设计制造,工学,08,0824,24,263,37,56,253,34,51,学硕, 311.23 , 333.55 ,,,,,,
082402,082402轮机工程,工学,08,0824,24,263,37,56,253,34,51,学硕, 284.60 , 320.65 ,,,,,,
082403,082403水声工程,工学,08,0824,24,263,37,56,253,34,51,学硕,, 349.78 ,,,,,,
082500,082500航空宇航科学与技术,工学,08,0825,25,253,34,51,243,31,47,学硕, 326.95 , 349.41 ,,,,,,
082501,082501飞行器设计,工学,08,0825,25,253,34,51,243,31,47,学硕,, 374.13 ,,,,,,
082502,082502航空宇航推进理论与工程,工学,08,0825,25,253,34,51,243,31,47,学硕,, 368.13 ,,,,,,
082503,082503航空宇航制造工程,工学,08,0825,25,253,34,51,243,31,47,学硕,,,,,,,,
082504,082504人机与环境工程,工学,08,0825,25,253,34,51,243,31,47,学硕,, 360.14 ,,,,,,
082600,082600兵器科学与技术,工学,08,0826,26,253,34,51,243,31,47,学硕, 289.37 , 296.50 ,,,,,,
082601,082601武器系统与运用工程,工学,08,0826,26,253,34,51,243,31,47,学硕,,,,,,,,
082602,082602兵器发射理论与技术,工学,08,0826,26,253,34,51,243,31,47,学硕,,,,,,,,
082603,082603火炮、自动武器与弹药工程,工学,08,0826,26,253,34,51,243,31,47,学硕,,,,,,,,
082604,082604军事化学与烟火技术,工学,08,0826,26,253,34,51,243,31,47,学硕,,,,,,,,
082700,082700核科学与技术,工学,08,0827,27,253,34,51,243,31,47,学硕, 298.15 , 322.33 ,, 332.04 ,,,,
082701,082701核能科学与工程,工学,08,0827,27,253,34,51,243,31,47,学硕, 377.00 ,,,,,,,
082702,082702核燃料循环与材料,工学,08,0827,27,253,34,51,243,31,47,学硕,,,,,,,,
082703,082703核技术及应用,工学,08,0827,27,253,34,51,243,31,47,学硕,, 331.67 ,,,,,,
082704,082704辐射防护及环境保护,工学,08,0827,27,253,34,51,243,31,47,学硕,, 329.00 ,,,,,,
082800,082800农业工程,工学,08,0828,28,253,34,51,243,31,47,学硕, 292.50 , 321.88 , 276.39 , 288.33 ,,,,
082801,082801农业机械化工程,工学,08,0828,28,253,34,51,243,31,47,学硕, 311.60 , 339.36 , 282.14 , 307.75 ,,,,
082802,082802农业水土工程,工学,08,0828,28,253,34,51,243,31,47,学硕, 300.72 , 323.49 , 260.64 , 284.80 ,,,,
082803,082803农业生物环境与能源工程,工学,08,0828,28,253,34,51,243,31,47,学硕, 317.19 , 332.75 , 262.11 ,,,,,
082804,082804农业电气化与自动化,工学,08,0828,28,253,34,51,243,31,47,学硕, 317.59 , 324.66 , 285.33 , 293.00 ,,,,
082900,082900林业工程082901森林工程,工学,08,0829,29,263,37,56,253,34,51,学硕, 209.29 , 327.97 ,,,,,,
082901,,,,,29,,,,,,,, 316.00 , 315.50 , 269.40 ,,,, 288.00 ,
082902,082902木材科学与技术,工学,08,0829,29,263,37,56,253,34,51,学硕, 285.48 , 344.30 , 274.26 , 258.00 ,,,,
082903,082903林产化学加工工程,工学,08,0829,29,263,37,56,253,34,51,学硕, 293.75 , 321.38 , 288.25 ,,,,,
083000,083000环境科学与工程(可授工学、理学、农学学位),工学,08,0830,30,263,37,56,253,34,51,学硕, 307.49 , 334.43 , 289.99 , 301.46 ,,,,
083001,083001环境科学,工学,08,0830,30,263,37,56,253,34,51,学硕, 307.55 , 346.10 , 293.33 , 292.14 ,,,,
083002,083002环境工程,工学,08,0830,30,263,37,56,253,34,51,学硕, 310.52 , 334.71 , 287.64 , 308.52 ,,,,
083100,083100生物医学工程,工学,08,0831,31,263,37,56,253,34,51,学硕, 301.98 , 333.04 , 241.60 , 289.75 ,,,,
083200,083200食品科学与工程(可授工学、理学、医学学位),工学,08,0832,32,263,37,56,253,34,51,学硕, 284.30 , 334.21 , 292.76 , 318.98 ,,,,
083201,083201食品科学,工学,08,0832,32,263,37,56,253,34,51,学硕, 318.33 , 342.97 , 278.82 , 292.60 ,,,,
083202,083202粮食、油脂及植物蛋白工程,工学,08,0832,32,263,37,56,253,34,51,学硕, 288.81 , 321.14 ,,,,,,
083203,083203农产品加工及贮藏工程,工学,08,0832,32,263,37,56,253,34,51,学硕, 296.47 , 337.28 , 280.82 , 309.63 ,,,,
083204,083204水产品加工及贮藏工程,工学,08,0832,32,263,37,56,253,34,51,学硕, 286.60 , 337.75 ,,,,,,
083300,083300城乡规划学,工学,08,0833,33,263,37,56,253,34,51,学硕, 358.83 , 343.10 , 331.21 , 318.10 ,,,,
083301,083301区域发展与规划,工学,08,0833,33,263,37,56,253,34,51,学硕,,, 336.33 ,,,,,
083302,083302城乡规划与设计,工学,08,0833,33,263,37,56,253,34,51,学硕,,,,,,,,
083303,083303住房与社区建设规划,工学,08,0833,33,263,37,56,253,34,51,学硕,,,,,,,,
083304,083304城乡发展历史与遗产保护规划,工学,08,0833,33,263,37,56,253,34,51,学硕,,,,,,,,
083305,083305城乡生态环境与基础设施规划,工学,08,0833,33,263,37,56,253,34,51,学硕,,,,,,,,
083306,083306城乡规划管理,工学,08,0833,33,263,37,56,253,34,51,学硕,,,,,,,,
083400,083400风景园林学(可授工学、农学学位),工学,08,0834,34,263,37,56,253,34,51,学硕, 340.04 , 332.28 , 355.80 , 315.97 ,,,,
083500,083500软件工程,工学,08,0835,35,263,37,56,253,34,51,学硕, 319.33 , 335.64 , 301.28 , 299.45 ,,,,
083600,083600生物工程,工学,08,0836,36,263,37,56,253,34,51,学硕, 296.95 , 338.21 , 268.31 ,,,,,
083700,083700安全科学与工程,工学,08,0837,37,263,37,56,253,34,51,学硕, 305.34 , 341.39 , 307.75 , 320.44 ,,,,
083800,083800公安技术,工学,08,0838,38,263,37,56,253,34,51,学硕, 344.61 , 361.87 ,,,,,,
083900,083900网络空间安全,工学,08,0839,39,263,37,56,253,34,51,学硕, 320.24 , 344.11 , 303.39 , 293.47 ,,,,
090100,090100作物学,农学,09,0901,01,252,33,50,242,30,45,学硕, 289.34 , 320.59 , 295.90 , 310.34 ,,,,
090101,090101作物栽培学与耕作学,农学,09,0901,01,252,33,50,242,30,45,学硕, 301.70 , 333.34 , 263.30 , 281.71 ,,,,
090102,090102作物遗传育种,农学,09,0901,01,252,33,50,242,30,45,学硕, 314.67 , 336.03 , 229.83 , 289.53 ,,,,
090200,090200园艺学,农学,09,0902,02,252,33,50,242,30,45,学硕, 287.50 , 333.72 , 278.76 , 314.58 ,,,,
090201,090201果树学,农学,09,0902,02,252,33,50,242,30,45,学硕, 306.86 , 342.85 , 264.00 , 307.91 ,,,,
090202,090202蔬菜学,农学,09,0902,02,252,33,50,242,30,45,学硕, 309.70 , 331.60 , 285.67 , 311.70 ,,,,
090203,090203茶学,农学,09,0902,02,252,33,50,242,30,45,学硕, 354.80 , 338.20 , 291.50 , 286.07 ,,,,
090300,090300农业资源利用,农学,09,0903,03,252,33,50,242,30,45,学硕, 293.06 , 327.12 , 269.04 , 317.05 ,, 253.00 ,,
090301,090301土壤学,农学,09,0903,03,252,33,50,242,30,45,学硕, 330.71 , 355.17 , 268.00 , 303.08 ,,,,
090302,090302植物营养学,农学,09,0903,03,252,33,50,242,30,45,学硕, 304.83 , 348.43 , 262.20 , 291.67 ,,,,
090400,090400植物保护,农学,09,0904,04,252,33,50,242,30,45,学硕, 291.99 , 327.62 , 282.70 , 319.78 , 350.00 ,,,
090401,090401植物病理学,农学,09,0904,04,252,33,50,242,30,45,学硕, 327.13 , 342.04 , 287.78 , 288.21 ,,,,
090402,090402农业昆虫与害虫防治,农学,09,0904,04,252,33,50,242,30,45,学硕, 303.95 , 330.69 , 272.40 , 285.48 ,,,,
090403,090403农药学(可授农学、理学学位),农学,09,0904,04,252,33,50,242,30,45,学硕, 317.44 , 346.52 , 288.78 , 287.78 ,,,,
090500,090500畜牧学,农学,09,0905,05,252,33,50,242,30,45,学硕, 297.22 , 323.66 , 297.20 , 323.43 ,,,,
090501,090501动物遗传育种与繁殖,农学,09,0905,05,252,33,50,242,30,45,学硕, 331.02 , 344.88 , 277.31 , 291.56 ,,,,
090502,090502动物营养与饲料科学,农学,09,0905,05,252,33,50,242,30,45,学硕, 323.00 , 348.70 , 278.60 , 278.13 ,,,,
090503,090503草业科学,农学,09,0905,05,252,33,50,242,30,45,学硕,,,,,,,,
090504,090504特种经济动物饲养(含：蚕、蜂等),农学,09,0905,05,252,33,50,242,30,45,学硕, 318.39 , 319.44 , 248.50 , 297.00 ,,,,
090600,090600兽医学,农学,09,0906,06,252,33,50,242,30,45,学硕, 324.67 , 334.33 , 310.89 , 317.24 ,,,,
090601,090601基础兽医学,农学,09,0906,06,252,33,50,242,30,45,学硕, 304.33 , 347.79 , 264.75 , 293.42 ,,,,
090602,090602预防兽医学,农学,09,0906,06,252,33,50,242,30,45,学硕, 339.81 , 354.65 ,, 315.05 ,,,,
090603,090603临床兽医学,农学,09,0906,06,252,33,50,242,30,45,学硕, 326.86 , 342.67 , 306.00 , 311.46 ,,,,
090700,090700林学,农学,09,0907,07,252,33,50,242,30,45,学硕, 289.58 , 264.59 , 306.75 , 298.91 ,,,,
090701,090701林木遗传育种,农学,09,0907,07,252,33,50,242,30,45,学硕, 303.57 , 346.89 , 256.00 , 323.00 ,,, 250.00 ,
090702,090702森林培育,农学,09,0907,07,252,33,50,242,30,45,学硕, 317.96 , 347.16 , 259.00 , 323.78 ,,,, 268.00 
090703,090703森林保护学,农学,09,0907,07,252,33,50,242,30,45,学硕, 302.45 , 343.76 ,, 351.57 ,,,,
090704,090704森林经理学,农学,09,0907,07,252,33,50,242,30,45,学硕, 284.14 , 308.83 ,, 327.76 ,,,, 326.50 
090705,090705野生动植物保护与利用,农学,09,0907,07,252,33,50,242,30,45,学硕, 310.71 , 287.60 ,, 348.13 ,,,,
090706,090706园林植物与观赏园艺,农学,09,0907,07,252,33,50,242,30,45,学硕, 303.25 , 343.15 , 257.67 , 308.29 ,,,,
090707,090707水土保持与荒漠化防治,农学,09,0907,07,252,33,50,242,30,45,学硕, 308.70 , 323.18 , 283.40 , 306.77 ,,, 245.00 , 385.00 
090800,090800水产,农学,09,0908,08,252,33,50,242,30,45,学硕, 301.04 , 330.19 , 288.65 , 298.94 ,,,,
090801,090801水产养殖,农学,09,0908,08,252,33,50,242,30,45,学硕, 327.72 , 330.11 ,,,,,,
090802,090802捕捞学,农学,09,0908,08,252,33,50,242,30,45,学硕, 294.00 , 265.00 ,,,,,,
090803,090803渔业资源,农学,09,0908,08,252,33,50,242,30,45,学硕, 305.35 , 317.02 ,,,,,,
090900,090900草学,农学,09,0909,09,252,33,50,242,30,45,学硕, 298.45 , 313.01 , 265.47 , 335.21 ,,,,
100100,100100基础医学(可授医学、理学学位),医学,10,1001,01,299,41,123,289,38,114,学硕, 330.24 , 342.97 , 311.92 , 333.68 ,, 318.90 ,,
100101,100101人体解剖与组织胚胎学,医学,10,1001,01,299,41,123,289,38,114,学硕, 332.06 , 349.34 , 329.82 , 327.50 ,,,,
100102,100102免疫学,医学,10,1001,01,299,41,123,289,38,114,学硕, 341.92 , 345.76 , 326.43 , 318.71 ,,,,
100103,100103病原生物学,医学,10,1001,01,299,41,123,289,38,114,学硕, 338.79 , 338.22 , 335.15 , 319.67 ,, 303.00 ,,
100104,100104病理学与病理生理学,医学,10,1001,01,299,41,123,289,38,114,学硕, 339.25 , 343.03 , 340.22 , 319.30 ,,,,
100105,100105法医学,医学,10,1001,01,299,41,123,289,38,114,学硕, 332.67 , 365.00 , 333.80 , 364.00 ,,,,
100106,100106放射医学,医学,10,1001,01,299,41,123,289,38,114,学硕, 338.88 , 336.03 ,, 306.00 ,,,,
100107,100107航空、航天与航海医学,医学,10,1001,01,299,41,123,289,38,114,学硕,,,,,,,,
100200,100200临床医学,医学,10,1002,02,299,41,123,289,38,114,学硕, 342.46 , 347.62 , 327.40 , 297.60 ,, 323.32 ,,
100201,100201内科学(含：心血管病、血液病、呼吸系病、消化系病、内分泌与代谢病、肾病、风湿病、传,医学,10,1002,02,299,41,123,289,38,114,学硕, 348.17 , 345.62 , 328.30 , 329.05 ,,,,
100202,100202儿科学,医学,10,1002,02,299,41,123,289,38,114,学硕, 345.01 , 348.26 , 335.50 , 312.60 ,,,,
100203,100203老年医学,医学,10,1002,02,299,41,123,289,38,114,学硕, 345.11 , 333.00 , 318.80 ,,,,,
100204,100204神经病学,医学,10,1002,02,299,41,123,289,38,114,学硕, 340.79 , 349.42 , 328.00 , 346.90 ,,,,
100205,100205精神病与精神卫生学,医学,10,1002,02,299,41,123,289,38,114,学硕, 342.40 , 355.14 , 343.00 ,,,,,
100206,100206皮肤病与性病学,医学,10,1002,02,299,41,123,289,38,114,学硕, 347.82 , 346.56 , 350.90 , 326.24 ,,,,
100207,100207影像医学与核医学,医学,10,1002,02,299,41,123,289,38,114,学硕, 356.31 , 347.58 , 336.71 , 315.21 ,,,,
100208,100208临床检验诊断学,医学,10,1002,02,299,41,123,289,38,114,学硕, 361.84 , 365.11 , 319.48 , 331.45 ,,,,
100209,100209护理学,医学,10,1002,02,299,41,123,289,38,114,学硕,,,, 325.21 ,,,,
100210,100210外科学(含：普外、骨外、泌尿外、胸心外、神外、整形、烧伤、野战外),医学,10,1002,02,299,41,123,289,38,114,学硕, 341.79 , 345.70 , 330.40 , 334.32 ,,,,
100211,100211妇产科学,医学,10,1002,02,299,41,123,289,38,114,学硕, 349.99 , 354.76 , 341.14 , 310.33 ,,,,
100212,100212眼科学,医学,10,1002,02,299,41,123,289,38,114,学硕, 349.09 , 353.59 , 325.00 , 327.89 ,,,,
100213,100213耳鼻咽喉科学,医学,10,1002,02,299,41,123,289,38,114,学硕, 334.46 , 339.00 , 339.00 ,,,,,
100214,100214肿瘤学,医学,10,1002,02,299,41,123,289,38,114,学硕, 344.47 , 351.99 , 327.40 , 331.45 ,,,,
100215,100215康复医学与理疗学,医学,10,1002,02,299,41,123,289,38,114,学硕, 375.38 , 362.65 , 338.00 , 301.00 ,,,,
100216,100216运动医学,医学,10,1002,02,299,41,123,289,38,114,学硕, 285.90 , 190.23 ,,,, 335.00 ,,
100217,100217麻醉学,医学,10,1002,02,299,41,123,289,38,114,学硕, 353.58 , 343.65 , 336.29 , 337.26 ,,,,
100218,100218急诊医学,医学,10,1002,02,299,41,123,289,38,114,学硕, 333.08 , 331.37 , 338.25 , 323.38 ,,,,
100300,100300口腔医学,医学,10,1003,03,299,41,123,289,38,114,学硕,, 342.50 ,,,,,,
100301,100301口腔基础医学,医学,10,1003,03,299,41,123,289,38,114,学硕, 328.91 , 359.33 ,,,,,,
100302,100302口腔临床医学,医学,10,1003,03,299,41,123,289,38,114,学硕, 340.34 , 352.54 ,, 332.75 ,,,,
100400,100400公共卫生与预防医学(可授医学、理学学位),医学,10,1004,04,299,41,123,289,38,114,学硕, 335.82 , 360.48 ,,,, 352.55 ,,
100401,100401流行病与卫生统计学,医学,10,1004,04,299,41,123,289,38,114,学硕, 330.63 , 366.09 , 313.86 , 325.10 ,,,,
100402,100402劳动卫生与环境卫生学,医学,10,1004,04,299,41,123,289,38,114,学硕, 327.09 , 345.53 , 315.50 , 339.57 ,,,,
100403,100403营养与食品卫生学,医学,10,1004,04,299,41,123,289,38,114,学硕, 326.12 , 344.18 , 352.33 , 320.50 ,,,,
100404,100404少儿卫生与妇幼保健学,医学,10,1004,04,299,41,123,289,38,114,学硕, 335.65 , 393.00 , 356.00 , 333.50 ,,,,
100405,100405卫生毒理学,医学,10,1004,04,299,41,123,289,38,114,学硕, 323.02 , 345.30 , 326.75 , 348.00 ,,,,
100406,100406军事预防医学,医学,10,1004,04,299,41,123,289,38,114,学硕,,,,,,,,
100500,100500中医学,医学,10,1005,05,299,40,120,289,37,111,学硕,, 357.00 ,,,,,,
100501,100501中医基础理论,医学,10,1005,05,299,40,120,289,37,111,学硕, 362.33 , 328.09 , 336.82 , 308.00 ,,,,
100502,100502中医临床基础,医学,10,1005,05,299,40,120,289,37,111,学硕, 346.67 , 353.00 , 340.25 , 322.70 ,,,,
100503,100503中医医史文献,医学,10,1005,05,299,40,120,289,37,111,学硕, 354.06 , 337.50 , 322.25 , 308.78 ,,,,
100504,100504方剂学,医学,10,1005,05,299,40,120,289,37,111,学硕,, 336.67 , 339.22 , 313.33 ,,,,
100505,100505中医诊断学,医学,10,1005,05,299,40,120,289,37,111,学硕, 346.44 , 331.83 , 338.00 , 306.13 ,,,,
100506,100506中医内科学,医学,10,1005,05,299,40,120,289,37,111,学硕, 368.79 , 334.56 , 346.60 , 326.25 ,,,,
100507,100507中医外科学,医学,10,1005,05,299,40,120,289,37,111,学硕, 339.00 , 340.50 ,, 316.14 ,,,,
100508,100508中医骨伤科学,医学,10,1005,05,299,40,120,289,37,111,学硕, 344.50 , 352.60 , 313.64 , 305.60 ,,,,
100509,100509中医妇科学,医学,10,1005,05,299,40,120,289,37,111,学硕, 357.00 , 312.00 , 335.50 , 345.50 ,,,,
100510,100510中医儿科学,医学,10,1005,05,299,40,120,289,37,111,学硕,, 326.00 ,, 337.20 ,,,,
100511,100511中医五官科学,医学,10,1005,05,299,40,120,289,37,111,学硕,,,, 36.69 ,,,,
100512,100512针灸推拿学,医学,10,1005,05,299,40,120,289,37,111,学硕, 361.48 , 353.07 , 339.75 , 64.29 ,,,,
100513,100513民族医学(含：藏医学、蒙医学等),医学,10,1005,05,299,40,120,289,37,111,学硕, 331.86 ,, 329.00 , 332.67 ,,,,
100600,100600中西医结合,医学,10,1006,06,299,40,120,289,37,111,学硕, 321.29 , 336.25 , 323.04 , 299.92 ,,,,
100601,100601中西医结合基础,医学,10,1006,06,299,40,120,289,37,111,学硕, 340.27 , 332.61 , 334.18 , 306.50 ,,,,
100602,100602中西医结合临床,医学,10,1006,06,299,40,120,289,37,111,学硕, 347.42 , 349.77 , 329.67 , 305.75 ,,,,
100700,100700药学(可授医学、理学学位),医学,10,1007,07,299,41,123,289,38,114,学硕, 325.13 , 355.59 , 316.93 , 336.34 ,, 328.78 ,,
100701,100701药物化学,医学,10,1007,07,299,41,123,289,38,114,学硕, 323.02 , 351.30 , 325.67 , 349.18 ,,,,
100702,100702药剂学,医学,10,1007,07,299,41,123,289,38,114,学硕, 327.94 , 347.88 ,, 331.00 ,,,,
100703,100703生药学,医学,10,1007,07,299,41,123,289,38,114,学硕, 323.75 , 334.42 , 331.63 , 313.33 ,,,,
100704,100704药物分析学,医学,10,1007,07,299,41,123,289,38,114,学硕, 320.28 , 351.98 , 309.13 , 315.00 ,,,,
100705,100705微生物与生化药学,医学,10,1007,07,299,41,123,289,38,114,学硕, 320.75 , 332.58 , 387.00 , 361.00 ,,,,
100706,100706药理学,医学,10,1007,07,299,41,123,289,38,114,学硕, 326.30 , 347.23 , 331.11 , 332.00 ,,,,
100800,100800中药学,医学,10,1008,08,299,41,123,289,38,114,学硕, 337.84 , 349.66 , 314.76 , 339.55 ,, 325.00 ,,
100900,100900特种医学,医学,10,1009,09,299,41,123,289,38,114,学硕, 178.60 , 285.93 ,,,,,,
101000,101000医学技术(可授医学、理学学位),医学,10,1010,10,299,41,123,289,38,114,学硕, 329.65 , 363.50 ,,,,,,
101100,101100护理学(可授医学、理学学位),医学,10,1011,11,299,41,123,289,38,114,学硕, 341.19 , 342.43 ,, 310.91 ,,,,
110100,110100军事思想及军事历史,军事学,11,1101,01,265,37,56,255,34,51,学硕,,,,,,,,
110101,110101军事思想,军事学,11,1101,01,265,37,56,255,34,51,学硕,,,,,,,,
110102,110102军事历史,军事学,11,1101,01,265,37,56,255,34,51,学硕,,,,,,,,
110200,110200战略学,军事学,11,1102,02,265,37,56,255,34,51,学硕,,,,,,,,
110201,110201军事战略学,军事学,11,1102,02,265,37,56,255,34,51,学硕,,,,,,,,
110202,110202战争动员学,军事学,11,1102,02,265,37,56,255,34,51,学硕,,,,,,,,
110300,110300战役学,军事学,11,1103,03,265,37,56,255,34,51,学硕,,,,,,,,
110301,110301联合战役学,军事学,11,1103,03,265,37,56,255,34,51,学硕,,,,,,,,
110302,110302军种战役学(含∶第二炮兵战役学),军事学,11,1103,03,265,37,56,255,34,51,学硕,,,,,,,,
110400,110400战术学,军事学,11,1104,04,265,37,56,255,34,51,学硕,,,,,,,,
110401,110401合同战术学,军事学,11,1104,04,265,37,56,255,34,51,学硕,,,,,,,,
110402,110402兵种战术学,军事学,11,1104,04,265,37,56,255,34,51,学硕,,,,,,,,
110500,110500军队指挥学,军事学,11,1105,05,265,37,56,255,34,51,学硕, 322.40 , 322.40 ,,,,,,
110501,110501作战指挥学,军事学,11,1105,05,265,37,56,255,34,51,学硕,,,,,,,,
110502,110502军事运筹学,军事学,11,1105,05,265,37,56,255,34,51,学硕,,,,,,,,
110503,110503军事通信学,军事学,11,1105,05,265,37,56,255,34,51,学硕,,,,,,,,
110504,110504军事情报学,军事学,11,1105,05,265,37,56,255,34,51,学硕,,,,,,,,
110505,110505密码学,军事学,11,1105,05,265,37,56,255,34,51,学硕,,,,,,,,
110506,110506军事教育训练学(含∶军事体育学),军事学,11,1105,05,265,37,56,255,34,51,学硕,,,,,,,,
110600,110600军制学,军事学,11,1106,06,265,37,56,255,34,51,学硕,,,,,,,,
110601,110601军事组织编制学,军事学,11,1106,06,265,37,56,255,34,51,学硕,,,,,,,,
110602,110602军队管理学,军事学,11,1106,06,265,37,56,255,34,51,学硕,,,,,,,,
110700,110700军队政治工作学,军事学,11,1107,07,265,37,56,255,34,51,学硕,,,,,,,,
110800,110800军事后勤学与军事装备学,军事学,11,1108,08,265,37,56,255,34,51,学硕,,,,,,,,
110801,110801军事后勤学,军事学,11,1108,08,265,37,56,255,34,51,学硕,,,,,,,,
110802,110802后方专业勤务,军事学,11,1108,08,265,37,56,255,34,51,学硕,,,,,,,,
110803,110803军事装备学,军事学,11,1108,08,265,37,56,255,34,51,学硕,,,,,,,,
110900,110900军事装备学,军事学,11,1109,09,265,37,56,255,34,51,学硕,,,,,,,,
111000,111000军事训练学,军事学,11,1110,10,265,37,56,255,34,51,学硕,,,,,,,,
120100,120100管理科学与工程(可授管理学、工学学位),管理学,12,1201,01,341,48,72,331,45,68,学硕, 359.25 , 376.08 , 347.85 , 356.09 , 321.10 , 387.00 ,,
120200,120200工商管理,管理学,12,1202,02,341,48,72,331,45,68,学硕, 353.85 , 373.03 , 358.11 , 348.07 ,, 350.75 ,,
120201,120201会计学,管理学,12,1202,02,341,48,72,331,45,68,学硕, 369.11 , 375.76 , 357.54 , 360.08 ,,, 336.00 ,
120202,120202企业管理(含：财务管理、市场营销、人力资源管理),管理学,12,1202,02,341,48,72,331,45,68,学硕, 364.68 , 374.55 , 345.98 , 375.04 ,, 311.00 ,,
120203,120203旅游管理,管理学,12,1202,02,341,48,72,331,45,68,学硕, 344.46 , 335.15 , 341.46 , 358.73 ,,,,
120204,120204技术经济及管理,管理学,12,1202,02,341,48,72,331,45,68,学硕, 356.50 , 374.80 , 340.73 ,,, 357.60 ,,
120300,120300农林经济管理,管理学,12,1203,03,341,48,72,331,45,68,学硕, 358.67 , 371.23 , 348.01 , 344.00 ,,,,
120301,120301农业经济管理,管理学,12,1203,03,341,48,72,331,45,68,学硕, 366.51 , 385.25 , 343.88 , 359.67 ,,,,
120302,120302林业经济管理,管理学,12,1203,03,341,48,72,331,45,68,学硕,, 384.00 , 338.50 ,,,,,
120400,120400公共管理,管理学,12,1204,04,341,48,72,331,45,68,学硕, 371.88 , 378.47 , 371.03 , 362.31 ,, 345.44 ,,
120401,120401行政管理,管理学,12,1204,04,341,48,72,331,45,68,学硕, 371.67 , 381.26 , 338.00 , 338.51 ,, 36.31 ,,
120402,120402社会医学与卫生事业管理(可授管理学、医学学位),管理学,12,1204,04,341,48,72,331,45,68,学硕, 362.91 , 383.54 , 367.67 , 337.83 ,,,,
120403,120403教育经济与管理(可授管理学、教育学学位),管理学,12,1204,04,341,48,72,331,45,68,学硕, 371.60 , 375.94 , 361.34 , 363.29 , 361.38 ,,,
120404,120404社会保障,管理学,12,1204,04,341,48,72,331,45,68,学硕, 373.06 , 380.34 , 371.89 , 357.26 ,,,,
120405,120405土地资源管理,管理学,12,1204,04,341,48,72,331,45,68,学硕, 370.93 , 376.09 , 375.00 , 363.28 ,,,,
120500,120500图书馆、情报与档案管理,管理学,12,1205,05,341,48,72,331,45,68,学硕, 366.46 , 374.28 ,,,, 325.00 ,, 175.09 
120501,120501图书馆学,管理学,12,1205,05,341,48,72,331,45,68,学硕, 389.33 , 390.30 ,,,,,,
120502,120502情报学,管理学,12,1205,05,341,48,72,331,45,68,学硕, 369.68 , 387.33 ,,,,,,
120503,120503档案学,管理学,12,1205,05,341,48,72,331,45,68,学硕, 362.00 , 387.93 ,,,,,,
130100,130100艺术学理论,艺术学,13,1301,01,346,38,57,336,35,53,学硕, 367.05 , 378.27 , 372.78 , 359.62 ,,,,
130101,130101艺术学理论,艺术学,13,1301,01,346,38,57,336,35,53,学硕,,,,,,,,
130200,130200音乐与舞蹈学,艺术学,13,1302,02,346,38,57,336,35,53,学硕, 342.72 , 334.94 , 360.68 , 361.85 ,, 79.05 ,,
130201,130201音乐学,艺术学,13,1302,02,346,38,57,336,35,53,学硕,, 384.00 ,,,,,,
130202,130202音乐表演,艺术学,13,1302,02,346,38,57,336,35,53,学硕,,,,,,,,
130203,130203作曲与作曲技巧理论,艺术学,13,1302,02,346,38,57,336,35,53,学硕,,,,,,,,
130204,130204舞蹈学,艺术学,13,1302,02,346,38,57,336,35,53,学硕, 374.42 ,,,,,,,
130205,130205舞蹈表演,艺术学,13,1302,02,346,38,57,336,35,53,学硕,,,,,,,,
130206,130206舞蹈编导,艺术学,13,1302,02,346,38,57,336,35,53,学硕,,,,,,,,
130300,130300戏剧与影视学,艺术学,13,1303,03,346,38,57,336,35,53,学硕, 368.48 , 369.57 , 354.80 , 356.24 ,, 396.43 ,,
130301,130301播音与主持艺术,艺术学,13,1303,03,346,38,57,336,35,53,学硕,, 77.08 ,,,,,,
130302,130302广播电视编导,艺术学,13,1303,03,346,38,57,336,35,53,学硕,,,,,,,,
130303,130303戏剧影视文学,艺术学,13,1303,03,346,38,57,336,35,53,学硕,, 75.63 ,,,,,,
130304,130304戏剧学,艺术学,13,1303,03,346,38,57,336,35,53,学硕,,,,,,,,
130305,130305电影学,艺术学,13,1303,03,346,38,57,336,35,53,学硕, 382.89 ,,,,,,,
130306,130306戏剧影视导演,艺术学,13,1303,03,346,38,57,336,35,53,学硕,, 75.52 ,,,, 77.40 ,,
130307,130307表演,艺术学,13,1303,03,346,38,57,336,35,53,学硕, 247.81 , 191.31 ,,, 375.00 , 351.00 ,,
130308,130308录音艺术,艺术学,13,1303,03,346,38,57,336,35,53,学硕,, 353.00 ,,,,,,
130309,130309影视摄影与制作（特设专业）,艺术学,13,1303,03,346,38,57,336,35,53,学硕,, 145.64 ,,,,,,
130310,130310戏剧影视美术设计,艺术学,13,1303,03,346,38,57,336,35,53,学硕, 378.50 , 377.00 ,,,,,,
130311,130311动画,艺术学,13,1303,03,346,38,57,336,35,53,学硕, 381.29 ,,,,,,,
130400,130400美术学,艺术学,13,1304,04,346,38,57,336,35,53,学硕, 364.45 , 376.38 , 361.83 , 360.94 ,,,,
130401,130401美术学,艺术学,13,1304,04,346,38,57,336,35,53,学硕,,,,,,,,
130402,130402绘画,艺术学,13,1304,04,346,38,57,336,35,53,学硕, 393.00 , 366.57 ,,,,,,
130403,130403雕塑,艺术学,13,1304,04,346,38,57,336,35,53,学硕, 364.33 , 380.69 ,,,,,,
130404,130404摄影,艺术学,13,1304,04,346,38,57,336,35,53,学硕, 390.60 , 378.13 ,,,, 420.00 ,,
130405,130405中国画（特设专业）,艺术学,13,1304,04,346,38,57,336,35,53,学硕, 359.50 , 376.24 ,,,, 374.00 ,,
130406,130406书法学（特设专业）,艺术学,13,1304,04,346,38,57,336,35,53,学硕, 392.00 , 369.00 ,,,,,,
130500,130500设计学(可授艺术学、工学学位),艺术学,13,1305,05,346,38,57,336,35,53,学硕, 360.73 , 369.72 , 356.14 , 341.13 , 357.00 ,, 346.25 ,
130501,130501艺术设计学,艺术学,13,1305,05,346,38,57,336,35,53,学硕,,,,,,,,
130502,130502视觉传达设计,艺术学,13,1305,05,346,38,57,336,35,53,学硕, 373.15 , 377.96 ,,,,,,
130503,130503环境设计,艺术学,13,1305,05,346,38,57,336,35,53,学硕, 366.25 , 379.30 ,,,,,,
130504,130504产品设计,艺术学,13,1305,05,346,38,57,336,35,53,学硕, 376.17 , 392.25 ,,,,,,
130505,130505服装与服饰设计,艺术学,13,1305,05,346,38,57,336,35,53,学硕,,,,,,,,
130506,130506公共艺术,艺术学,13,1305,05,346,38,57,336,35,53,学硕, 346.00 , 376.75 ,,, 357.50 ,,,
130507,130507工艺美术,艺术学,13,1305,05,346,38,57,336,35,53,学硕, 376.60 , 375.82 ,,,,,,
130508,130508数字媒体艺术,艺术学,13,1305,05,346,38,57,336,35,53,学硕,, 369.61 ,,,, 389.00 ,,
130509,130509艺术与科技,艺术学,13,1305,05,346,38,57,336,35,53,学硕,, 383.50 ,,,,,,
025100,025100金融,经济学,02,0251,51,348,49,74,338,46,69,专硕, 371.69 , 385.89 , 351.06 , 369.35 , 361.38 , 375.28 , 283.53 ,
025200,025200应用统计,经济学,02,0252,52,348,49,74,338,46,69,专硕, 378.12 , 393.48 , 361.97 , 381.81 , 361.36 , 372.79 ,,
025300,025300税务,经济学,02,0253,53,348,49,74,338,46,69,专硕, 378.27 , 386.03 , 355.42 , 355.00 , 352.00 , 371.57 ,,
025400,025400国际商务,经济学,02,0254,54,348,49,74,338,46,69,专硕, 366.95 , 382.88 , 314.31 , 394.87 , 362.29 ,, 291.80 , 268.35 
025500,025500保险,经济学,02,0255,55,348,49,74,338,46,69,专硕, 362.64 , 381.50 , 351.38 , 365.81 ,,,,
025600,025600资产评估,经济学,02,0256,56,348,49,74,338,46,69,专硕, 360.45 , 382.77 , 348.37 , 369.80 ,,,,
025700,025700审计,经济学,02,0257,57,179,46,92,169,41,82,专硕, 249.10 , 230.01 ,, 206.63 , 204.19 , 211.11 ,,
035100,035100法律,法学,03,0351,51,321,44,66,311,41,62,专硕, 374.00 , 342.24 , 320.52 , 329.24 , 331.00 , 341.57 ,,
035101,035101法律（非法学）,法学,03,0351,51,321,44,66,311,41,62,专硕, 363.97 , 357.35 , 355.80 , 342.12 , 341.55 , 342.18 , 328.26 , 306.43 
035102,035102法律（法学）,法学,03,0351,51,321,44,66,311,41,62,专硕, 339.27 , 351.72 , 327.86 , 324.18 , 332.26 , 342.73 , 318.10 , 295.58 
035200,035200社会工作,法学,03,0352,52,321,44,66,311,41,62,专硕, 362.40 , 369.84 , 360.87 , 346.29 , 321.51 , 339.13 , 331.53 , 342.95 
035300,035300警务,法学,03,0353,53,321,44,66,311,41,62,专硕, 367.63 , 355.66 ,,, 350.67 , 344.06 ,,
045120,045120职业技术教育,教育学,04,0451,51,337,47,71,327,44,66,专硕, 363.54 , 372.83 , 350.44 , 353.08 , 352.80 , 357.60 , 333.80 , 350.33 
045100,045100教育,教育学,04,0451,51,337,47,71,327,44,66,专硕, 358.95 , 371.69 ,, 352.00 , 344.73 , 362.72 ,,
045101,045101教育管理,教育学,04,0451,51,337,47,71,327,44,66,专硕, 366.92 , 370.07 , 349.69 , 351.29 , 352.03 , 361.55 , 343.81 , 335.09 
045102,045102学科教学（思政）,教育学,04,0451,51,337,47,71,327,44,66,专硕, 367.39 , 376.03 , 362.00 , 352.95 , 350.03 , 360.42 , 333.80 , 325.00 
045103,045103学科教学（语文）,教育学,04,0451,51,337,47,71,327,44,66,专硕, 373.61 , 372.50 , 376.54 , 355.11 , 353.75 , 354.23 , 336.69 , 341.25 
045104,045104学科教学（数学）,教育学,04,0451,51,337,47,71,327,44,66,专硕, 358.84 , 365.75 , 345.78 , 356.68 , 355.92 , 359.86 , 335.50 , 332.33 
045105,045105学科教学（物理）,教育学,04,0451,51,337,47,71,327,44,66,专硕, 363.03 , 374.06 ,,,,,,
045106,045106学科教学（化学）,教育学,04,0451,51,337,47,71,327,44,66,专硕, 359.59 , 368.12 , 347.98 , 347.91 , 352.20 , 352.86 ,, 317.40 
045107,045107学科教学（生物）,教育学,04,0451,51,337,47,71,327,44,66,专硕, 363.12 , 368.60 , 362.15 , 355.67 , 350.43 , 364.80 ,, 332.00 
045108,045108学科教学（英语）,教育学,04,0451,51,337,47,71,327,44,66,专硕, 384.01 , 378.90 , 379.58 , 364.51 , 359.10 , 358.46 , 363.00 , 340.15 
045109,045109学科教学（历史）,教育学,04,0451,51,337,47,71,327,44,66,专硕, 355.33 , 369.48 , 350.08 , 345.29 , 347.59 , 362.48 , 334.50 , 292.00 
045110,045110学科教学（地理）,教育学,04,0451,51,337,47,71,327,44,66,专硕, 361.02 , 367.67 , 357.78 , 341.95 , 350.05 , 356.94 , 341.20 , 281.00 
045111,045111学科教学（音乐）,教育学,04,0451,51,337,47,71,327,44,66,专硕, 358.87 , 381.04 , 349.40 , 338.25 ,, 345.50 ,,
045112,045112学科教学（体育）,教育学,04,0451,51,337,47,71,327,44,66,专硕, 349.47 , 347.50 , 335.32 , 351.50 ,,,,
045113,045113学科教学（美术）,教育学,04,0451,51,337,47,71,327,44,66,专硕, 353.73 , 366.77 , 349.29 , 351.76 , 348.30 , 368.20 ,,
045114,045114现代教育技术,教育学,04,0451,51,337,47,71,327,44,66,专硕, 359.64 , 368.57 , 345.70 , 349.20 , 352.31 , 355.32 , 336.59 , 338.67 
045115,045115小学教育,教育学,04,0451,51,337,47,71,327,44,66,专硕, 376.72 , 379.56 , 371.13 , 355.66 , 357.17 , 363.38 , 337.80 , 305.06 
045116,045116心理健康教育,教育学,04,0451,51,337,47,71,327,44,66,专硕, 368.69 , 374.18 , 376.75 , 356.08 , 351.97 , 352.70 , 349.23 , 310.20 
045117,045117科学与技术教育,教育学,04,0451,51,337,47,71,327,44,66,专硕, 363.21 , 371.51 , 341.90 , 367.50 , 350.43 , 355.22 ,,
045118,045118学前教育,教育学,04,0451,51,337,47,71,327,44,66,专硕, 367.83 , 376.57 , 372.87 , 358.32 , 349.33 , 361.19 , 341.17 , 331.44 
045119,045119特殊教育,教育学,04,0451,51,337,47,71,327,44,66,专硕, 374.64 , 376.80 , 354.14 , 352.92 , 337.00 , 357.71 ,, 314.00 
045171,045171学校课程与教学,教育学,04,0451,51,337,47,71,327,44,66,专硕,,,,,,,,
045172,045172学生发展与教育,教育学,04,0451,51,337,47,71,327,44,66,专硕,,,,,,,,
045173,045173教育领导与管理,教育学,04,0451,51,337,47,71,327,44,66,专硕,,,,,,,,
045174,045174汉语国际教育,教育学,04,0451,51,337,47,71,327,44,66,专硕,,,,,,,,
045200,045200体育,教育学,04,0452,52,281,35,105,271,32,96,专硕, 325.56 , 322.61 , 321.23 , 308.25 , 305.62 , 310.82 ,,
045201,045201体育教学,教育学,04,0452,52,281,35,105,271,32,96,专硕, 321.77 , 286.78 , 324.33 , 307.13 , 278.39 , 276.92 , 297.88 ,
045202,045202运动训练,教育学,04,0452,52,281,35,105,271,32,96,专硕, 322.26 , 253.44 , 301.50 , 301.53 , 268.40 , 189.84 , 293.57 , 293.00 
045203,045203竞赛组织,教育学,04,0452,52,281,35,105,271,32,96,专硕, 309.33 , 245.22 ,,,,,,
045204,045204社会体育指导,教育学,04,0452,52,337,47,71,327,44,66,专硕, 345.52 , 229.63 , 332.50 , 290.00 , 304.00 , 180.39 , 286.67 ,
045300,045300汉语国际教育,教育学,04,0453,53,337,47,71,327,44,66,专硕, 361.13 , 370.44 , 341.16 , 356.14 , 349.22 , 369.94 , 338.44 , 308.50 
045400,045400应用心理,教育学,04,0454,54,337,47,141,327,44,132,专硕, 357.81 , 369.21 , 374.96 , 356.25 , 361.87 , 386.98 , 341.62 , 348.20 
055119,055119 意大利语笔译,文学,05,0551,51,355,53,80,345,50,75,专硕,,,,,,,,
055120,055120 意大利语口译,文学,05,0551,51,355,53,80,345,50,75,专硕, 371.00 ,,,,,,,
055121,055121 越南语笔译,文学,05,0551,51,355,53,80,345,50,75,专硕,,, 380.14 , 363.00 ,,,,
055122,055122 越南语口译,文学,05,0551,51,355,53,80,345,50,75,专硕,,,,,,,,
055113,055113 西班牙语笔译,文学,05,0551,51,355,53,80,345,50,75,专硕,,,,,,,,
055114,055114 西班牙语口译,文学,05,0551,51,355,53,80,345,50,75,专硕,, 377.50 ,,,,,,
055115,055115 阿拉伯语笔译,文学,05,0551,51,355,53,80,345,50,75,专硕,, 381.75 ,,,,,,
055116,055116 阿拉伯语口译,文学,05,0551,51,355,53,80,345,50,75,专硕, 387.00 , 378.67 ,,,,,,
055117,055117 泰语笔译,文学,05,0551,51,355,53,80,345,50,75,专硕,,,,,,,,
055118,055118 泰语口译,文学,05,0551,51,355,53,80,345,50,75,专硕,,,,,,,,
055100,055100 翻译,文学,05,0551,51,355,53,80,345,50,75,专硕, 347.66 , 381.64 , 375.53 , 355.29 , 361.67 , 384.86 , 353.92 , 342.25 
055101,055101 英语笔译,文学,05,0551,51,355,53,80,345,50,75,专硕, 384.75 , 383.17 , 382.19 , 379.49 , 363.64 , 369.77 , 356.15 , 360.27 
055102,055102 英语口译,文学,05,0551,51,355,53,80,345,50,75,专硕, 389.05 , 386.64 , 369.77 , 357.28 , 334.27 , 329.19 ,,
055103,055103 俄语笔译,文学,05,0551,51,355,53,80,345,50,75,专硕, 363.00 , 379.29 , 369.50 , 363.72 ,,,,
055104,055104 俄语口译,文学,05,0551,51,355,53,80,345,50,75,专硕, 371.60 , 389.60 , 362.00 , 359.00 ,,,,
055105,055105 日语笔译,文学,05,0551,51,355,53,80,345,50,75,专硕, 380.13 , 390.51 , 371.55 , 380.32 , 383.00 , 377.00 ,,
055106,055106 日语口译,文学,05,0551,51,355,53,80,345,50,75,专硕, 399.22 , 396.07 ,,,,,,
055107,055107 法语笔译,文学,05,0551,51,355,53,80,345,50,75,专硕, 386.00 , 390.89 ,,,,,,
055108,055108 法语口译,文学,05,0551,51,355,53,80,345,50,75,专硕,, 362.00 ,,,,,,
055109,055109 德语笔译,文学,05,0551,51,355,53,80,345,50,75,专硕, 392.50 , 399.05 ,,,,,,
055110,055110 德语口译,文学,05,0551,51,355,53,80,345,50,75,专硕,, 373.60 ,,,,,,
055111,055111 朝鲜语笔译,文学,05,0551,51,355,53,80,345,50,75,专硕, 392.50 , 394.91 , 371.00 , 411.20 ,, 415.00 ,,
055112,055112 朝鲜语口译,文学,05,0551,51,355,53,80,345,50,75,专硕, 400.88 , 385.83 ,,,,,,
055200,055200 新闻与传播,文学,05,0552,52,355,53,80,345,50,75,专硕, 374.80 , 381.59 , 376.14 , 355.03 , 368.92 , 370.72 , 369.71 , 334.00 
055300,055300 出版,文学,05,0553,53,355,53,80,345,50,75,专硕, 375.27 , 385.59 , 377.31 , 370.17 ,,, 352.33 , 256.00 
065100,065100 文物与博物馆,历史学,06,0651,51,321,43,129,311,40,120,专硕, 336.71 , 363.57 , 349.43 , 356.91 , 338.00 , 353.23 ,,
085100,085100 建筑学,工学,08,0851,51,263,37,56,253,34,51,专硕, 349.18 , 344.12 , 346.74 , 299.53 , 315.45 , 316.92 , 313.43 , 334.00 
085300,085300 城市规划,工学,08,0853,53,263,37,56,253,34,51,专硕, 365.25 , 348.62 , 334.39 , 289.67 , 360.28 , 365.75 , 313.67 , 261.50 
085400,085400 电子信息,工学,08,0854,54,263,37,56,253,34,51,专硕, 337.83 , 349.01 , 298.96 , 313.75 , 318.29 , 324.71 , 279.81 , 302.90 
085500,085500 机械,工学,08,0855,55,263,37,56,253,34,51,专硕, 320.79 , 341.52 , 279.91 , 321.85 , 324.07 , 317.23 , 331.33 , 332.00 
085600,085600 材料与化工,工学,08,0856,56,263,37,56,253,34,51,专硕, 302.17 , 332.10 , 281.48 , 307.95 , 324.71 , 300.23 , 276.50 , 270.00 
085700,085700 资源与环境,工学,08,0857,57,263,37,56,253,34,51,专硕, 304.21 , 334.70 , 291.53 , 306.58 , 291.89 , 315.25 , 280.20 , 302.00 
085800,085800 能源动力,工学,08,0858,58,263,37,56,253,34,51,专硕, 327.92 , 344.29 , 330.90 , 318.32 , 337.20 , 314.35 , 291.60 , 308.47 
085900,085900 土木水利,工学,08,0859,59,263,37,56,253,34,51,专硕, 316.82 , 344.52 , 302.80 , 312.45 , 293.73 , 314.05 , 275.44 , 301.00 
086000,086000 生物与医药,工学,08,0860,60,263,37,56,253,34,51,专硕, 299.19 , 333.13 , 282.33 , 305.29 , 299.38 , 319.42 , 269.60 , 315.67 
086100,086100 交通运输,工学,08,0861,61,263,37,56,253,34,51,专硕, 326.94 , 344.30 , 309.34 , 313.49 , 291.86 , 310.23 , 285.40 , 300.60 
095100,095100 农业,农学,09,0951,51,252,33,50,242,30,45,专硕, 309.80 , 331.19 , 259.57 , 271.33 , 283.14 , 315.30 ,,
095131,095131 农艺与种业,农学,09,0951,51,252,33,50,242,30,45,专硕, 296.27 , 322.15 , 282.33 , 303.13 , 300.83 , 299.50 , 272.04 , 280.87 
095132,095132 资源利用与植物保护,农学,09,0951,51,252,33,50,242,30,45,专硕, 302.55 , 318.63 , 285.24 , 297.49 , 287.00 , 296.43 , 263.21 , 279.14 
095133,095133 畜牧,农学,09,0951,51,252,33,50,242,30,45,专硕, 307.58 , 321.23 , 296.75 , 303.44 , 287.00 , 304.19 , 262.42 , 242.00 
095134,095134 渔业发展,农学,09,0951,51,252,33,50,242,30,45,专硕, 298.17 , 314.84 , 260.51 , 311.26 , 279.67 , 300.35 ,,
095135,095135 食品加工与安全,农学,09,0951,51,252,33,50,242,30,45,专硕, 308.47 , 320.45 , 273.87 , 301.79 , 279.50 , 296.96 , 282.78 , 263.40 
095136,095136 农业工程与信息技术,农学,09,0951,51,252,33,50,242,30,45,专硕, 295.43 , 322.44 , 282.51 , 297.89 , 249.31 , 288.15 , 273.42 , 295.50 
095137,095137 农业管理,农学,09,0951,51,252,33,50,242,30,45,专硕, 329.03 , 333.34 , 326.80 , 311.28 , 279.82 , 280.40 , 299.21 , 288.08 
095138,095138 农村发展,农学,09,0951,51,252,33,50,242,30,45,专硕, 328.13 , 326.40 , 330.05 , 318.49 , 226.04 , 302.36 , 246.95 , 280.32 
095200,095200 兽医,农学,09,0952,52,252,33,50,242,30,45,专硕, 322.86 , 340.38 , 301.98 , 314.93 , 232.36 , 289.40 , 301.11 , 278.19 
095300,095300 风景园林,农学,09,0953,53,252,33,50,242,30,45,专硕, 344.83 , 334.92 , 337.68 , 323.48 , 314.46 , 316.40 , 308.33 , 280.58 
095400,095400 林业,农学,09,0954,54,252,33,50,242,30,45,专硕, 302.52 , 307.02 , 280.10 , 308.97 , 296.25 , 280.73 , 277.95 , 280.49 
105100,105100 临床医学,医学,10,1051,51,299,41,123,289,38,114,专硕, 344.37 , 356.56 ,,,,,,
105101,105101 内科学,医学,10,1051,51,299,41,123,289,38,114,专硕, 363.71 , 352.34 , 348.00 , 324.30 ,,,,
105102,105102 儿科学,医学,10,1051,51,299,41,123,289,38,114,专硕,, 353.51 , 340.63 , 339.00 ,,,,
105103,105103 老年医学,医学,10,1051,51,299,41,123,289,38,114,专硕, 356.03 , 344.50 , 340.19 , 309.07 ,,,,
105104,105104 神经病学,医学,10,1051,51,299,41,123,289,38,114,专硕, 351.94 , 354.31 , 343.19 , 327.45 ,,,,
105105,105105 精神病与精神卫生学,医学,10,1051,51,299,41,123,289,38,114,专硕, 344.88 , 348.13 , 341.20 , 315.77 ,,,,
105106,105106 皮肤病与性病学,医学,10,1051,51,299,41,123,289,38,114,专硕, 368.00 , 346.34 ,, 348.50 ,,,,
105107,105107 急诊医学,医学,10,1051,51,299,41,123,289,38,114,专硕, 351.20 , 336.75 , 336.85 , 300.62 ,,,,
105108,105108 重症医学,医学,10,1051,51,299,41,123,289,38,114,专硕, 354.06 , 341.94 , 344.55 , 319.29 ,,,,
105109,105109 全科医学,医学,10,1051,51,299,41,123,289,38,114,专硕, 338.89 , 339.50 , 331.20 , 315.09 ,,,,
105110,105110 康复医学与理疗学,医学,10,1051,51,299,41,123,289,38,114,专硕, 340.24 , 336.49 ,, 312.33 ,,,,
105111,105111 外科学,医学,10,1051,51,299,41,123,289,38,114,专硕, 350.78 , 350.93 , 340.74 , 327.00 ,,,,
105112,105112 儿外科学,医学,10,1051,51,299,41,123,289,38,114,专硕, 348.64 , 349.71 , 329.75 , 322.13 ,,,,
105113,105113 骨科学,医学,10,1051,51,299,41,123,289,38,114,专硕, 353.04 , 349.89 , 335.07 , 322.10 ,,,,
105114,105114 运动医学,医学,10,1051,51,299,41,123,289,38,114,专硕, 340.00 , 331.15 , 340.25 , 335.25 ,,,,
105115,105115 妇产科学,医学,10,1051,51,299,41,123,289,38,114,专硕, 355.45 , 348.98 , 350.41 , 321.51 ,,,,
105116,105116 眼科学,医学,10,1051,51,299,41,123,289,38,114,专硕, 361.54 , 348.79 , 342.75 , 322.37 ,,,,
105117,105117 耳鼻咽喉科学,医学,10,1051,51,299,41,123,289,38,114,专硕, 349.41 , 345.64 , 336.44 , 316.08 ,,,,
105125,105125 核医学,医学,10,1051,51,299,41,123,289,38,114,专硕, 355.46 , 356.13 , 356.67 , 311.75 ,,,,
105126,105126 医学遗传学,医学,10,1051,51,299,41,123,289,38,114,专硕, 333.55 , 341.46 , 313.50 , 291.00 ,,,,
105118,105118 麻醉学,医学,10,1051,51,299,41,123,289,38,114,专硕, 367.92 , 353.67 , 352.00 , 322.32 ,,,,
105119,105119 临床病理,医学,10,1051,51,299,41,123,289,38,114,专硕, 347.97 , 341.98 , 323.06 , 315.31 ,,,,
105120,105120 临床检验诊断学,医学,10,1051,51,299,41,123,289,38,114,专硕, 333.68 , 330.78 , 319.19 , 272.00 ,,,,
105121,105121 肿瘤学,医学,10,1051,51,299,41,123,289,38,114,专硕, 357.67 , 350.15 , 348.63 , 318.38 ,,,,
105122,105122 放射肿瘤学,医学,10,1051,51,299,41,123,289,38,114,专硕, 352.32 , 357.01 , 343.75 , 301.45 ,,,,
105123,105123 放射影像学,医学,10,1051,51,299,41,123,289,38,114,专硕, 365.60 , 357.50 , 351.75 , 330.59 ,,,,
105124,105124 超声医学,医学,10,1051,51,299,41,123,289,38,114,专硕, 365.19 , 348.07 , 360.00 , 331.43 ,,,,
105200,105200 口腔医学,医学,10,1052,52,299,41,123,289,38,114,专硕, 349.38 , 351.90 , 346.02 , 333.49 ,,,,
105300,105300 公共卫生,医学,10,1053,53,299,41,123,289,38,114,专硕, 330.28 , 350.02 , 317.30 , 330.35 , 324.36 , 331.23 ,, 331.00 
105400,105400 护理,医学,10,1054,54,299,41,123,289,38,114,专硕, 342.23 , 336.73 , 330.85 , 328.62 , 328.41 , 330.66 ,, 311.44 
105500,105500 药学,医学,10,1055,55,299,41,123,289,38,114,专硕, 325.66 , 345.39 , 321.51 , 332.98 , 321.69 , 336.87 ,,
105600,105600 中药学,医学,10,1056,56,299,41,123,289,38,114,专硕, 318.57 , 347.05 , 305.36 , 320.03 , 308.00 , 339.86 ,,
105700,105700中医,医学,10,1057,57,299,40,120,289,37,111,专硕,,,,,,,,
105701,105701 中医内科学,医学,10,1057,57,299,40,120,289,37,111,专硕, 386.87 , 351.42 ,, 333.32 ,,,,
105702,105702 中医外科学,医学,10,1057,57,299,40,120,289,37,111,专硕, 367.80 , 343.63 ,, 329.35 ,,,,
105703,105703 中医骨伤科学,医学,10,1057,57,299,40,120,289,37,111,专硕, 357.17 , 338.74 ,, 326.01 ,,,,
105704,105704 中医妇科学,医学,10,1057,57,299,40,120,289,37,111,专硕, 367.71 , 343.44 ,, 343.97 ,,,,
105705,105705 中医儿科学,医学,10,1057,57,299,40,120,289,37,111,专硕, 356.00 , 349.07 ,, 326.27 ,,,,
105706,105706 中医五官科学,医学,10,1057,57,299,40,120,289,37,111,专硕, 347.33 , 320.57 , 352.00 , 186.17 ,,,,
105707,105707 针灸推拿学,医学,10,1057,57,299,40,120,289,37,111,专硕, 366.70 , 355.98 ,, 229.48 ,,,,
105708,105708 民族医学（含：藏医学、蒙医学等）,医学,10,1057,57,299,40,120,289,37,111,专硕,,,, 304.36 ,,,,
105709,105709 中西医结合临床,医学,10,1057,57,299,40,120,289,37,111,专硕, 371.00 , 339.42 , 356.71 , 326.84 ,,,,
105700,105700 中医,医学,10,1057,57,299,40,120,289,37,111,专硕, 366.00 , 360.67 ,,,,,,
105710,105710 全科医学,医学,10,1057,57,299,40,120,289,37,111,专硕,, 345.14 ,, 313.75 ,,,,
115100,115100军事,军事学,11,1151,51,265,37,56,255,34,51,专硕,,,,,,,,
115101,115101 军事指挥,军事学,11,1151,51,265,37,56,255,34,51,专硕,, 373.00 ,,,,,,
115102,115102 军队政治工作,军事学,11,1151,51,265,37,56,255,34,51,专硕,,,,,,,,
115103,115103 军事后勤,军事学,11,1151,51,265,37,56,255,34,51,专硕,,,,,,,,
115104,115104 军事装备,军事学,11,1151,51,265,37,56,255,34,51,专硕,,,,,,,,
125100,125100 工商管理,管理学,12,1251,51,170,42,84,160,37,74,专硕, 200.10 , 195.34 , 179.12 , 185.21 , 190.82 , 192.06 , 166.56 , 183.46 
125200,125200 公共管理,管理学,12,1252,52,174,43,86,164,38,76,专硕, 199.42 , 194.97 , 175.87 , 187.98 , 191.10 , 198.44 , 174.66 , 185.11 
125300,125300 会计,管理学,12,1253,53,179,46,92,169,41,82,专硕, 238.06 , 226.68 ,, 176.43 , 204.05 , 209.69 , 201.24 , 151.87 
125400,125400 旅游管理,管理学,12,1254,54,170,42,84,160,37,74,专硕, 177.05 , 194.38 , 178.78 , 178.77 , 189.51 , 192.04 , 173.49 , 176.96 
125500,125500 图书情报,管理学,12,1255,55,179,46,92,169,41,82,专硕, 221.38 , 229.74 ,,, 215.30 , 216.73 ,,
125600,125600 工程管理,管理学,12,1256,56,174,43,86,164,38,76,专硕, 39.43 , 207.90 , 227.62 , 187.98 , 121.08 , 192.63 ,, 179.24 
125601,125601 工程管理,管理学,12,1256,56,174,43,86,164,38,76,专硕, 199.58 , 205.80 , 178.75 , 178.40 , 189.92 , 197.15 , 173.95 , 183.39 
125602,125602 项目管理,管理学,12,1256,56,174,43,86,164,38,76,专硕, 218.50 , 208.60 , 175.00 , 183.20 , 186.03 , 193.21 , 177.33 , 183.50 
125603,125603 工业工程与管理,管理学,12,1256,56,174,43,86,164,38,76,专硕, 214.76 , 215.47 , 276.63 , 209.06 , 194.40 , 198.32 , 201.38 , 192.00 
125604,125604 物流工程与管理,管理学,12,1256,56,174,43,86,164,38,76,专硕, 224.90 , 217.35 ,, 202.25 , 201.41 , 96.83 , 72.34 ,
135100,135100 艺术,艺术学,13,1351,51,346,38,57,336,35,53,专硕, 352.43 , 359.93 , 282.09 , 363.09 , 364.19 , 368.48 ,,
135101,135101 音乐,艺术学,13,1351,51,346,38,57,336,35,53,专硕, 361.67 , 370.28 , 355.09 , 362.10 , 349.17 , 361.51 ,,
135102,135102 戏剧,艺术学,13,1351,51,346,38,57,336,35,53,专硕, 380.00 , 375.57 , 373.25 , 371.07 ,, 371.78 ,,
135103,135103 戏曲,艺术学,13,1351,51,346,38,57,336,35,53,专硕, 345.05 , 359.25 ,,,, 364.00 ,,
135104,135104 电影,艺术学,13,1351,51,346,38,57,336,35,53,专硕, 384.78 , 380.03 ,, 361.50 , 362.57 , 377.17 ,,
135105,135105 广播电视,艺术学,13,1351,51,346,38,57,336,35,53,专硕, 382.74 , 369.10 , 378.93 , 360.68 , 379.55 , 368.90 , 361.41 , 370.00 
135106,135106 舞蹈,艺术学,13,1351,51,346,38,57,336,35,53,专硕, 364.35 , 348.25 , 378.00 , 373.61 , 358.00 , 368.50 ,,
135107,135107 美术,艺术学,13,1351,51,346,38,57,336,35,53,专硕, 367.80 , 376.47 , 361.57 , 356.89 , 361.20 , 367.01 ,, 341.20 
135108,135108 艺术设计,艺术学,13,1351,51,346,38,57,336,35,53,专硕, 365.39 , 369.85 , 361.54 , 361.25 , 323.08 , 365.95 , 351.71 , 365.00 
,享受少数民族照顾政策的考生⑦,,,,,249,30,45,249,30,45,专硕,,,,,,,,
